"text","class"
"‡∏Ç‡∏≠‡∏á‡∏ú‡∏° 15 pro max ‡∏¢‡∏±‡∏á‡πÑ‡∏°‡πà‡πÄ‡∏à‡∏≠‡∏õ‡∏±‡∏ç‡∏´‡∏≤‡∏Ñ‡∏ß‡∏≤‡∏°‡∏£‡πâ‡∏≠‡∏ô ‡∏´‡∏£‡∏∑‡∏≠‡πÅ‡∏ö‡∏ï‡∏´‡∏°‡∏î‡πÄ‡∏£‡πá‡∏ß","2"
"‡∏Ç‡∏≠‡∏á‡∏ú‡∏°‡∏£‡πâ‡∏≠‡∏ô‡∏ï‡∏≠‡∏ô‡πÉ‡∏ä‡πâ‡∏Å‡∏•‡πâ‡∏≠‡∏á‡∏Å‡∏•‡∏≤‡∏á‡πÅ‡∏à‡πâ‡∏á ‡∏™‡πà‡∏ß‡∏ô‡πÄ‡∏•‡πà‡∏ô ROV ‡∏Å‡πá‡∏£‡πâ‡∏≠‡∏ô‡∏ô‡∏∞‡πÅ‡∏ï‡πà‡πÑ‡∏°‡πà‡∏°‡∏≤‡∏Å ‡πÑ‡∏°‡πà‡πÑ‡∏î‡πâ‡∏£‡πâ‡∏≠‡∏ô‡πÅ‡∏õ‡∏•‡∏Å ‡πÜ ‡∏≠‡∏∞","2"
"‡πÄ‡∏≠‡πã ‡∏ô‡∏µ‡πà‡∏Å‡πá 15 Pro Max ‡∏Å‡πá‡πÑ‡∏°‡πà‡∏£‡πâ‡∏≠‡∏ô‡∏ô‡∏∞","2"
"‡πÄ‡∏´‡πá‡∏ô‡∏ö‡∏≤‡∏á‡∏Ñ‡∏ô‡∏ö‡∏≠‡∏Å‡πÄ‡∏õ‡πá‡∏ô‡∏ö‡∏≤‡∏á‡∏Ñ‡∏ô‡∏ö‡∏≠‡∏Å‡πÑ‡∏°‡πà‡πÄ‡∏õ‡πá‡∏ô ‡∏´‡∏£‡∏∑‡∏≠‡∏°‡∏±‡∏ô‡πÄ‡∏õ‡πá‡∏ô‡πÄ‡∏û‡∏£‡∏≤‡∏∞ silicon lottery","2"
"‡∏£‡∏±‡∏Å‡πÇ‡∏•‡∏Å‡∏ó‡∏≥‡πÑ‡∏°‡πÑ‡∏°‡πà‡∏ó‡∏≥‡∏à‡∏≤‡∏Å‡∏ß‡∏±‡∏™‡∏î‡∏∏‡∏£‡∏µ‡πÑ‡∏ã‡πÄ‡∏Ñ‡∏¥‡∏• ‡∏à‡∏∞‡πÑ‡∏î‡πâ‡∏£‡∏≤‡∏Ñ‡∏≤‡∏ñ‡∏π‡∏Å‡πÜ","2"
"‡πÄ‡∏´‡πá‡∏ô‡∏ù‡∏£‡∏±‡πà‡∏á‡∏£‡∏µ‡∏ß‡∏¥‡∏ß‡∏•‡∏≠‡∏á‡∏Ç‡∏π‡∏î‡πÅ‡∏•‡πâ‡∏ß‡πÑ‡∏ó‡πÄ‡∏ó‡πÄ‡∏ô‡∏µ‡∏¢‡∏°‡πÄ‡∏õ‡πá‡∏ô‡∏£‡∏≠‡∏¢‡∏á‡πà‡∏≤‡∏¢‡∏°‡∏≤‡∏Å","2"
"‡∏≠‡∏¢‡∏≤‡∏Å‡πÉ‡∏´‡πâ‡πÑ‡∏≠‡πÇ‡∏ü‡∏ô‡∏°‡∏µ‡∏õ‡∏≤‡∏Å‡∏Å‡∏≤ ‡∏°‡∏±‡∏ô‡∏ä‡πà‡∏ß‡∏¢‡πÉ‡∏´‡πâ‡∏™‡∏∞‡∏î‡∏ß‡∏Å‡∏ï‡πà‡∏≠‡∏Å‡∏≤‡∏£‡πÉ‡∏ä‡πâ‡∏á‡∏≤‡∏ô‡πÄ‡∏ß‡∏•‡∏≤‡∏ó‡∏≥‡∏á‡∏≤‡∏ô‡∏°‡∏≤‡∏Å‡∏Ñ‡∏∞","2"
"‡∏à‡∏∞‡πÑ‡∏ó‡πÄ‡∏ó‡∏ä‡∏±‡πâ‡∏ô‡πÑ‡∏´‡∏ô‡∏°‡∏≤‡∏Å‡πá‡πÉ‡∏™‡πà‡πÄ‡∏Ñ‡∏™‡∏≠‡∏¢‡∏π‡πà‡∏î‡∏µ ‡∏ñ‡πâ‡∏≤‡πÄ‡∏ó‡∏µ‡∏¢‡∏ö‡∏Å‡∏±‡∏ö14‡πÅ‡∏•‡πâ‡∏ß‡∏ï‡∏±‡∏ß15‡∏Å‡πá‡πÑ‡∏°‡πà‡∏Ñ‡πà‡∏≠‡∏¢‡∏ß‡πâ‡∏≤‡∏ß‡πÄ‡∏ó‡πà‡∏≤‡πÑ‡∏´‡∏£‡πà ‡∏Ñ‡∏ß‡∏≤‡∏°‡∏ï‡πà‡∏≤‡∏á‡∏°‡∏±‡∏ô‡πÑ‡∏°‡πà‡∏Ñ‡πà‡∏≠‡∏¢‡πÄ‡∏¢‡∏≠‡∏∞ ‡∏ï‡πâ‡∏≠‡∏á‡∏Ç‡πâ‡∏≤‡∏°‡∏°‡∏≤3-4‡∏£‡∏∏‡πà‡∏ô‡∏≠‡πà‡∏∞‡∏à‡∏∞‡∏ï‡πà‡∏≤‡∏á","2"
"‡πÄ‡∏î‡∏µ‡πã‡∏¢‡∏ß Action Botton ‡∏Å‡πá‡∏à‡∏∞‡πÑ‡∏õ‡∏≠‡∏¢‡∏π‡πà‡∏ó‡∏µ‡πà Iphone 16 ‡πÄ‡∏´‡∏°‡∏∑‡∏≠‡∏ô Dinamic Island ‡∏ó‡∏µ‡πà‡∏ï‡∏≠‡∏ô‡∏ô‡∏±‡πâ‡∏ô‡∏°‡∏µ‡πÅ‡∏Ñ‡πà 14 pro/ pro max","2"
"titanium grade 5 ‡πÄ‡∏õ‡πá‡∏ô‡πÄ‡∏Å‡∏£‡∏î ‡∏ò‡∏£‡∏£‡∏°‡∏î‡∏≤‡∏Ñ‡∏£‡∏±‡∏ö ‡∏ñ‡πâ‡∏≤‡∏î‡∏π‡∏à‡∏≤‡∏Å‡∏Ç‡πâ‡∏≠‡∏°‡∏π‡∏• Google ‡∏ô‡∏∞","2"
"‡∏™‡πà‡∏ß‡∏ô‡∏ï‡∏±‡∏ß‡∏£‡∏π‡πâ‡∏™‡∏∂‡∏Å‡πÑ‡∏°‡πà‡πÑ‡∏î‡πâ‡∏ß‡πâ‡∏≤‡∏ß‡∏≠‡∏∞‡πÑ‡∏£‡∏Å‡∏±‡∏ö‡∏õ‡∏∏‡πà‡∏° action ‡πÄ‡∏û‡∏£‡∏≤‡∏∞‡∏£‡∏π‡πâ‡∏™‡∏∂‡∏Å‡∏ß‡πà‡∏≤‡∏à‡∏∞‡πÉ‡∏ä‡πâ‡∏≠‡∏±‡∏ô‡πÑ‡∏´‡∏ô‡∏ï‡πâ‡∏≠‡∏á‡πÑ‡∏õ‡∏ï‡∏±‡πâ‡∏á‡πÄ‡∏≠‡∏≤‡πÄ‡∏≠‡∏á‡∏≠‡∏¢‡∏π‡πà‡∏î‡∏µ ‡∏ö‡∏≤‡∏á‡∏ó‡∏µ‡∏ï‡∏≠‡∏ô‡∏ô‡∏±‡πâ‡∏ô‡∏≠‡∏¢‡∏≤‡∏Å‡∏ñ‡πà‡∏≤‡∏¢‡∏£‡∏π‡∏õ‡πÅ‡∏ï‡πà‡∏õ‡∏¥‡∏î‡πÄ‡∏™‡∏µ‡∏¢‡∏á‡∏Å‡πá‡∏à‡∏≥‡πÄ‡∏õ‡πá‡∏ô‡πÑ‡∏°‡πà‡∏£‡∏π‡πâ‡∏ß‡πà‡∏≤‡∏à‡∏∞‡∏ï‡∏±‡πâ‡∏á‡∏≠‡∏∞‡πÑ‡∏£‡πÄ‡∏õ‡πá‡∏ôbase‡∏î‡∏µ","2"
"‡∏ñ‡πâ‡∏≤‡∏ó‡∏≥ Function mirror ‡∏´‡∏£‡∏∑‡∏≠ Dex mode ‡πÅ‡∏ö‡∏ö Samsung ‡∏•‡∏á‡πÅ‡∏≠‡∏ü‡πÅ‡∏•‡πâ‡∏ß‡πÅ‡∏™‡∏î‡∏á‡∏à‡∏≠‡∏ï‡∏±‡∏ß‡πÄ‡∏≠‡∏á ‡∏ï‡πà‡∏≠‡πÉ‡∏ô PC ‡∏Å‡∏±‡∏ö‡πÅ‡∏°‡πä‡∏Å‡∏î‡πâ‡∏ß‡∏¢‡∏à‡∏∞‡∏î‡∏µ ‡∏°‡∏≤‡∏Å","2"
"‡∏ä‡∏∑‡πà‡∏ô‡∏ä‡∏°‡πÉ‡∏ô‡∏Ñ‡∏ß‡∏≤‡∏°‡∏û‡∏¢‡∏≤‡∏¢‡∏≤‡∏°‡∏£‡∏µ‡∏ß‡∏¥‡∏ß‡∏´‡∏≤‡∏à‡∏∏‡∏î‡πÄ‡∏î‡πà‡∏ô‡∏Ç‡∏≠‡∏á iphone ‡∏°‡∏≤‡∏ô‡∏≥‡πÄ‡∏™‡∏ô‡∏≠‡∏Ñ‡∏£‡∏±‡∏ö USB-C ‡∏´‡∏£‡∏∑‡∏≠ ‡∏ã‡∏π‡∏° 5 ‡πÄ‡∏ó‡πà‡∏≤‡∏≠‡∏∞‡πÑ‡∏£‡πÅ‡∏ö‡∏ö‡∏ô‡∏µ‡πâ ‡∏Ñ‡∏∑‡∏≠ .. ‡∏¢‡∏¥‡∏ô‡∏î‡∏µ‡∏ó‡∏µ‡πà apple ‡∏°‡∏≤‡∏ñ‡∏∂‡∏á‡∏à‡∏∏‡∏î‡∏ô‡∏µ‡πâ‡πÑ‡∏î‡πâ‡∏™‡∏±‡∏Å‡∏ó‡∏µ‡∏Ñ‡∏£‡∏±‡∏ö","2"
"‡πÅ‡∏•‡πâ‡∏ß‡πÅ‡∏ï‡πà‡∏Ñ‡∏ô‡∏™‡∏∞‡∏î‡∏ß‡∏Å ‡∏ä‡πà‡∏≠‡∏á USB C ‡∏™‡∏≥‡∏´‡∏£‡∏±‡∏ö‡∏ú‡∏°‡∏Ñ‡∏∏‡πâ‡∏°‡∏Ñ‡πà‡∏≤‡∏û‡∏≠‡∏ó‡∏µ‡πà‡∏à‡∏∞‡∏ã‡∏∑‡πâ‡∏≠ ‡∏ñ‡πâ‡∏≤‡∏ï‡πâ‡∏≠‡∏á‡πÄ‡∏õ‡∏•‡∏µ‡πà‡∏¢‡∏ô‡∏£‡∏∏‡πà‡∏ô ‡πÅ‡∏Ñ‡πà‡∏ô‡∏±‡πâ‡∏ô","2"
"‡πÄ‡∏û‡∏£‡∏≤‡∏∞‡∏ß‡πà‡∏≤‡∏à‡∏≠ 120Hz ‡∏ó‡∏≤‡∏á‡πÅ‡∏≠‡∏õ‡πÄ‡∏õ‡∏¥‡∏•‡πÄ‡∏£‡∏µ‡∏¢‡∏Å‡∏ß‡πà‡∏≤ ""Pro"" Motion ‡∏ñ‡πâ‡∏≤‡πÄ‡∏≠‡∏≤‡∏°‡∏≤‡πÉ‡∏™‡πà‡πÉ‡∏ô‡∏£‡∏∏‡πà‡∏ô‡∏ò‡∏£‡∏£‡∏°‡∏î‡∏≤‡∏°‡∏±‡∏ô‡∏Å‡πá‡πÑ‡∏°‡πà‡πÑ‡∏î‡πâ‡∏ô‡πà‡∏∞‡∏™‡∏¥5555 ‡∏ï‡πâ‡∏≠‡∏á‡∏Å‡∏±‡∏Å‡πÑ‡∏ß‡πâ‡πÄ‡∏â‡∏û‡∏≤‡∏∞‡πÉ‡∏ô‡∏£‡∏∏‡πà‡∏ô‡πÇ‡∏õ‡∏£‡πÄ‡∏ó‡πà‡∏≤‡∏ô‡∏±‡πâ‡∏ô ‡πÅ‡∏ï‡πà‡∏Å‡πá‡πÄ‡∏´‡πá‡∏ô‡∏î‡πâ‡∏ß‡∏¢‡∏ô‡∏∞‡∏ß‡πà‡∏≤‡∏≠‡∏¢‡πà‡∏≤‡∏á‡∏ô‡πâ‡∏≠‡∏¢‡∏Ñ‡∏ß‡∏£‡∏à‡∏∞‡πÉ‡∏´‡πâ‡∏à‡∏≠‡∏ã‡∏±‡∏Å 90Hz ‡∏°‡∏≤‡∏Å‡πá‡∏¢‡∏±‡∏á‡∏î‡∏µ‡πÄ‡∏ß‡πâ‡∏ô‡πÄ‡∏™‡∏µ‡∏¢‡πÅ‡∏ï‡πà‡∏ß‡πà‡∏≤‡∏ó‡∏≤‡∏á‡πÅ‡∏≠‡∏õ‡πÄ‡∏õ‡∏¥‡∏•‡∏à‡∏∞‡πÉ‡∏´‡πâ‡∏à‡∏≠‡∏ó‡∏µ‡πà‡∏™‡∏π‡∏á‡∏Å‡∏ß‡πà‡∏≤ 120Hz ‡∏°‡∏≤‡πÉ‡∏ô‡∏£‡∏∏‡πà‡∏ô‡πÇ‡∏õ‡∏£‡πÅ‡∏ö‡∏ö‡∏ô‡∏±‡πâ‡∏ô‡∏£‡∏∏‡πà‡∏ô‡∏ò‡∏£‡∏£‡∏°‡∏î‡∏≤‡∏Å‡πá‡∏≠‡∏≤‡∏à‡∏à‡∏∞‡πÑ‡∏î‡πâ‡∏à‡∏≠ 120Hz ‡∏°‡∏≤‡∏Å‡πá‡πÑ‡∏î‡πâ","2"
"‡πÄ‡∏õ‡πá‡∏ô‡πÄ‡∏£‡∏∑‡πà‡∏≠‡∏á‡∏õ‡∏£‡∏Å‡∏ï‡∏¥‡∏Ñ‡πà‡∏∞  ‡∏ö‡πà‡∏ô‡∏Å‡∏±‡∏ô‡∏ó‡∏∏‡∏Å‡∏Ñ‡∏ô ‡πÅ‡∏ï‡πà‡∏Å‡πá‡∏ã‡∏∑‡πâ‡∏≠  ‡∏¢‡∏±‡∏á‡πÑ‡∏á‡πÄ‡∏£‡∏≤‡∏Å‡πá‡∏ã‡∏∑‡πâ‡∏≠‡πÄ‡∏´‡∏°‡∏∑‡∏≠‡∏ô‡∏Å‡∏±‡∏ô","2"
"‡∏Ñ‡∏ß‡∏≤‡∏°‡∏û‡∏∂‡∏á‡∏û‡∏≠‡πÉ‡∏à‡∏Ç‡∏≠‡∏á‡∏Ñ‡∏ô‡∏°‡∏±‡∏ô‡πÑ‡∏°‡πà‡∏°‡∏µ‡πÄ‡∏´‡∏ï‡∏∏‡∏ú‡∏•‡∏´‡∏£‡∏≠‡∏Å‡∏Ñ‡∏£‡∏±‡∏ö","2"
"‡∏ú‡∏°‡∏ß‡πà‡∏≤‡∏õ‡∏µ‡∏´‡∏ô‡πâ‡∏≤‡∏°‡∏≤‡πÅ‡∏ô‡πà ‡∏à‡∏≠120Hz ‡πÅ‡∏ï‡πà‡∏à‡∏£‡∏¥‡∏á‡πÜ‡∏Ñ‡∏ß‡∏£‡πÉ‡∏™‡πà‡∏°‡∏≤‡∏ï‡∏±‡πâ‡∏á‡πÅ‡∏ï‡πà‡∏õ‡∏µ‡∏ô‡∏µ‡πâ‡πÄ‡∏•‡∏¢‡∏ô‡∏±‡πà‡∏ô‡πÅ‡∏´‡∏•‡∏∞ ‡πÄ‡∏û‡∏£‡∏≤‡∏∞‡∏¢‡∏±‡∏î‡∏™‡πÄ‡∏õ‡∏Ñ14Pro‡∏°‡∏≤‡πÅ‡∏•‡πâ‡∏ß‡∏¢‡∏±‡∏á‡πÑ‡∏áCPU‡∏Å‡πá‡∏£‡∏≠‡∏á‡∏£‡∏±‡∏ö‡∏à‡∏≠120Hz","2"
"‡∏à‡∏£‡∏¥‡∏á‡∏≠‡∏¢‡πà‡∏≤‡∏á‡∏ó‡∏µ‡πà‡∏û‡∏π‡∏î ‡∏ñ‡πâ‡∏≤‡∏à‡∏≠‡πÄ‡∏õ‡πá‡∏ô‡∏≠‡∏¢‡πà‡∏≤‡∏á‡∏ô‡πâ‡∏≠‡∏¢ 90 hz ‡πÄ‡∏ô‡∏µ‡πà‡∏¢ ‡∏Ñ‡∏ô‡∏à‡∏∞‡∏¢‡πâ‡∏≤‡∏¢‡∏à‡∏≤‡∏Å‡πÅ‡∏≠‡∏ô‡∏î‡∏£‡∏≠‡∏¢‡πÑ‡∏õ‡∏Å‡πá‡∏ô‡πà‡∏≤‡∏à‡∏∞‡∏´‡∏•‡∏≤‡∏¢ % ‡∏≠‡∏¢‡∏π‡πà‡∏ô‡∏∞","2"
"‡∏Ñ‡∏ß‡∏≤‡∏°‡πÅ‡∏£‡∏á‡∏ó‡∏µ‡πà‡∏°‡∏≤‡∏û‡∏£‡πâ‡∏≠‡∏°‡∏Å‡∏±‡∏ö‡∏Ñ‡∏ß‡∏≤‡∏°‡∏£‡πâ‡∏≠‡∏ô ‡∏Ñ‡∏ß‡∏£‡∏û‡∏±‡∏í‡∏ô‡∏≤‡∏£‡∏∞‡∏ö‡∏ö‡∏£‡∏∞‡∏ö‡∏≤‡∏¢‡∏Ñ‡∏ß‡∏≤‡∏°‡∏£‡πâ‡∏≠‡∏ô‡πÑ‡∏õ‡∏Ñ‡∏ß‡∏ö‡∏Ñ‡∏π‡πà‡∏Å‡∏±‡∏ô ‡∏ô‡∏µ‡πà‡πÄ‡∏•‡πà‡∏ô pubg ‡πÅ‡∏Ñ‡πà30‡∏Å‡∏ß‡πà‡∏≤‡∏ô‡∏≤‡∏ó‡∏µ ‡πÅ‡∏™‡∏á‡∏î‡∏£‡πá‡∏≠‡∏õ‡∏´‡∏•‡πà‡∏∞","2"
"iPhone 15‡∏°‡∏±‡∏ô‡πÑ‡∏°‡πà‡πÑ‡∏î‡πâ‡πÄ‡∏õ‡∏•‡∏µ‡πà‡∏¢‡∏ô‡∏≠‡∏∞‡πÑ‡∏£‡πÑ‡∏õ‡πÄ‡∏¢‡∏≠‡∏∞‡πÄ‡∏•‡∏¢‡∏ô‡∏∞‡∏Ñ‡∏£‡∏±‡∏ö‡πÅ‡∏Ñ‡πà‡πÄ‡∏û‡∏¥‡πà‡∏°‡∏´‡∏±‡∏ß‡∏ä‡∏≤‡∏£‡πå‡∏à type c ‡πÄ‡∏û‡∏¥‡πà‡∏°‡∏•‡∏π‡∏Å‡πÄ‡∏•‡πà‡∏ô‡∏ô‡∏¥‡∏î‡πÜ‡∏´‡∏ô‡πà‡∏≠‡∏¢‡πÜ ‡πÅ‡∏•‡∏∞‡πÄ‡∏û‡∏¥‡πà‡∏°‡∏Ñ‡∏ß‡∏≤‡∏°‡πÅ‡∏£‡∏á‡∏Ç‡∏≠‡∏ácpu ‡πÅ‡∏•‡∏∞‡∏Å‡∏•‡πâ‡∏≠‡∏á‡∏î‡∏µ‡∏Ç‡∏∂‡πâ‡∏ô‡πÅ‡∏Ñ‡πà‡∏ô‡∏±‡πâ‡∏ô‡πÄ‡∏≠‡∏á‡∏ñ‡πâ‡∏≤‡πÄ‡∏Ñ‡∏£‡∏∑‡πà‡∏≠‡∏á‡∏£‡πâ‡∏≠‡∏á‡∏Å‡πá‡πÄ‡∏´‡∏°‡∏∑‡∏≠‡∏ô‡πÄ‡∏Ñ‡∏£‡∏∑‡πà‡∏≠‡∏á‡∏Å‡πà‡∏≠‡∏ô‡πÄ‡πÄ‡∏´‡∏•‡∏∞‡∏Ñ‡∏£‡∏±‡∏ö","2"
"‡∏≠‡∏¢‡∏≤‡∏Å‡πÉ‡∏ä‡πâ‡∏£‡∏∏‡πà‡∏ô‡∏ò‡∏£‡∏£‡∏°‡∏î‡∏≤ ‡∏£‡∏≠‡∏à‡∏≠‡∏°‡∏±‡∏ô‡∏°‡∏≤‡∏Å‡∏Å‡∏ß‡πà‡∏≤ 60Hz ‡∏Å‡πà‡∏≠‡∏ô","2"
"‡∏™‡∏ß‡∏¢‡∏ó‡∏∏‡∏Å‡∏™‡∏µ‡πÄ‡∏•‡∏¢‡πÅ‡∏ï‡πà‡∏Å‡∏±‡πä‡∏Å‡∏à‡∏£‡∏¥‡∏áiphone 15 15plus ‡∏Ñ‡∏ß‡∏£‡πÑ‡∏î‡πâ‡∏à‡∏≠120hz‡πÑ‡∏î‡πâ‡πÅ‡∏•‡πâ‡∏ß‡πÅ‡∏ï‡πà‡∏Ñ‡πà‡∏≤‡∏¢‡πÅ‡∏≠‡∏ô‡∏î‡∏£‡∏≠‡∏¢‡∏Å‡πá‡∏Å‡∏±‡πä‡∏Å‡∏ï‡∏±‡∏ß‡∏ó‡πá‡∏≠‡∏õ‡∏ö‡∏≤‡∏á‡∏Ñ‡πà‡∏≤‡∏¢‡∏¢‡∏±‡∏á‡∏ñ‡πà‡∏≤‡∏¢‡∏ß‡∏¥‡∏î‡∏µ‡πÇ‡∏≠4K‡∏Å‡∏•‡πâ‡∏≠‡∏á‡∏´‡∏ô‡πâ‡∏≤‡πÑ‡∏°‡πà‡πÑ‡∏î‡πâ","2"
"‡∏ú‡∏°‡∏Ñ‡∏¥‡∏î‡∏ß‡πà‡∏≤‡∏Ñ‡∏ô‡∏ó‡∏µ‡πà‡∏Ñ‡∏ß‡∏£‡πÄ‡∏õ‡∏•‡∏µ‡πà‡∏¢‡∏ô‡∏°‡∏≤‡∏Å‡∏ó‡∏µ‡πà‡∏™‡∏∏‡∏î‡∏Ñ‡∏∑‡∏≠‡∏Ñ‡∏ô‡∏ó‡∏µ‡πà‡πÉ‡∏ä‡πâ iphone 11 ‡∏•‡∏á‡πÑ‡∏õ   ‡∏°‡∏±‡∏ô‡πÄ‡∏õ‡∏•‡∏µ‡πà‡∏¢‡∏ô‡πÅ‡∏ö‡∏ö‡∏Å‡πâ‡∏≤‡∏ß‡∏Å‡∏£‡∏∞‡πÇ‡∏î‡∏î‡∏û‡∏≠‡∏™‡∏°‡∏Ñ‡∏ß‡∏£‡πÄ‡∏•‡∏¢
‡πÅ‡∏ï‡πà‡∏™‡∏≥‡∏´‡∏£‡∏±‡∏ö‡∏Ñ‡∏ô‡πÉ‡∏ä‡πâ iphone 14 ‡∏≠‡∏¢‡∏π‡πà ‡∏Ñ‡∏á‡πÑ‡∏°‡πà‡πÑ‡∏î‡πâ‡∏£‡∏π‡πâ‡∏™‡∏∂‡∏Å‡∏ß‡πâ‡∏≤‡∏ß‡∏≠‡∏∞‡πÑ‡∏£
‡πÅ‡∏ï‡πà‡∏ñ‡πâ‡∏≤‡∏ä‡∏≠‡∏ö‡∏Å‡πá‡πÄ‡∏õ‡∏•‡∏µ‡πà‡∏¢‡∏ô‡πÄ‡∏•‡∏¢‡∏Ñ‡∏£‡∏±‡∏ö  ‡∏Ç‡∏≠‡∏á‡πÅ‡∏ö‡∏ö‡∏ô‡∏µ‡πâ‡πÑ‡∏°‡πà‡πÑ‡∏î‡πâ‡∏°‡∏µ‡∏Å‡∏é‡πÄ‡∏Å‡∏ì‡∏ë‡πå‡∏´‡∏£‡∏≠‡∏Å ‡∏à‡∏∞‡∏ã‡∏∑‡πâ‡∏≠‡πÑ‡∏ß‡πâ‡πÄ‡∏õ‡πá‡∏ô‡πÄ‡∏Ñ‡∏£‡∏∑‡πà‡∏≠‡∏á‡∏™‡∏≥‡∏£‡∏≠‡∏á‡∏Å‡πá‡πÑ‡∏°‡πà‡∏ú‡∏¥‡∏î‡∏≠‡∏∞‡πÑ‡∏£","2"
"‡∏î‡∏π‡πÜ‡∏à‡∏≤‡∏Å ‡∏´‡∏•‡∏≤‡∏¢‡πÜ comment iPhone ‡∏ô‡πà‡∏≤‡∏à‡∏∞‡∏Ç‡∏≤‡∏¢‡πÑ‡∏°‡πà‡∏î‡∏µ ‡πÄ‡∏û‡∏£‡∏≤‡∏∞‡πÑ‡∏°‡πà‡πÅ‡∏ô‡∏∞‡∏ô‡∏≥‡πÉ‡∏´‡πâ‡πÄ‡∏õ‡∏•‡∏µ‡πà‡∏¢‡∏ô‡∏£‡∏∏‡πà‡∏ô‡∏Å‡∏±‡∏ô ?","2"
"‡πÄ‡∏õ‡πá‡∏ô‡πÑ‡∏õ‡πÑ‡∏î‡πâ‡πÑ‡∏´‡∏°‡∏ó‡∏µ‡πà‡∏ï‡∏±‡∏ß‡πÄ‡∏Å‡∏°‡∏≠‡∏¢‡πà‡∏≤‡∏á Resident Evil4 ‡πÉ‡∏ô Iphone 15 pro ‡∏†‡∏≤‡∏û‡∏Å‡∏£‡∏≤‡∏ü‡∏¥‡∏Å‡∏≠‡∏≤‡∏à‡∏à‡∏∞‡πÄ‡∏´‡∏°‡∏∑‡∏≠‡∏ô‡πÄ‡∏Å‡∏° Mortal Kombat 1 ‡πÉ‡∏ô Nintendo Switch ‡∏´‡∏£‡∏∑‡∏≠‡πÄ‡∏õ‡∏•‡πà‡∏≤‡∏ô‡∏∞‡∏Ñ‡∏£‡∏±‡∏ö?
‡πÄ‡∏û‡∏£‡∏≤‡∏∞‡∏ñ‡πâ‡∏≤‡∏ï‡∏±‡∏ß‡∏Å‡∏£‡∏≤‡∏ü‡∏¥‡∏Å‡πÉ‡∏ô Iphone 15 pro ‡∏°‡∏±‡∏ô‡πÄ‡∏ó‡πà‡∏≤‡∏Å‡∏±‡∏ö PC ‡πÅ‡∏ö‡∏ï‡πÄ‡∏ï‡∏≠‡∏£‡∏µ‡πà‡∏≠‡∏≤‡∏à‡∏à‡∏∞‡πÑ‡∏´‡∏•‡πÄ‡∏õ‡πá‡∏ô‡∏™‡∏≤‡∏¢‡∏ô‡πâ‡∏≥
‡∏≠‡∏±‡∏ô‡∏ô‡∏µ‡πâ‡πÅ‡∏Ñ‡πà‡∏Ñ‡∏≤‡∏î‡πÄ‡∏î‡∏≤‡∏Å‡πà‡∏≠‡∏ô‡∏ñ‡πâ‡∏≤‡∏°‡∏±‡∏ô‡∏ú‡∏¥‡∏î‡∏ñ‡∏π‡∏Å‡∏¢‡∏±‡∏á‡πÑ‡∏á‡∏Å‡πá‡∏Ç‡∏≠‡∏≠‡∏†‡∏±‡∏¢‡∏î‡πâ‡∏ß‡∏¢‡∏ô‡∏∞‡∏Ñ‡∏£‡∏±‡∏ö","2"
"‡∏™‡πà‡∏ß‡∏ô‡∏ï‡∏±‡∏ß‡∏¢‡∏±‡∏á‡πÑ‡∏°‡πà‡∏Ñ‡πà‡∏≠‡∏¢‡∏ß‡πâ‡∏≤‡∏ß ‡πÉ‡∏´‡∏°‡πà‡∏Ç‡∏≠‡∏á‡πÑ‡∏≠‡πÇ‡∏ü‡∏ô ‡∏°‡∏±‡∏ô‡πÄ‡∏´‡∏°‡∏∑‡∏≠‡∏ô‡πÄ‡∏Å‡πà‡∏≤‡∏Ç‡∏≠‡∏á‡πÅ‡∏≠‡∏ô‡∏î‡∏£‡∏≠‡∏¢‡∏î‡πå‡∏≠‡πà‡∏∞ ‡πÅ‡∏ï‡πà‡πÄ‡∏£‡∏∑‡πà‡∏≠‡∏á‡∏õ‡∏£‡∏∞‡∏™‡∏¥‡∏ó‡∏ò‡∏¥‡∏†‡∏≤‡∏û ‡∏ï‡πâ‡∏≠‡∏á‡∏¢‡∏Å‡πÉ‡∏´‡πâ‡πÑ‡∏≠‡πÇ‡∏ü‡∏ô ‡∏£‡∏≠‡∏î‡∏π samsung s24 ultra ‡πÄ‡∏õ‡∏¥‡∏î‡∏ï‡∏±‡∏ß‡πÅ‡∏•‡πâ‡∏ß‡∏°‡∏≤‡πÄ‡∏ó‡∏µ‡∏¢‡∏ö‡∏Å‡∏±‡∏ö ‡πÑ‡∏≠‡πÇ‡∏ü‡∏ô 15 pro max ‡∏Ñ‡∏£‡∏±‡∏ö","2"
"15 ‡∏Å‡πá‡∏ô‡πà‡∏≤‡∏™‡∏ô‡πÉ‡∏à‡∏≠‡∏¢‡∏π‡πà‡∏ô‡∏∞ ‡πÅ‡∏ï‡πà‡∏û‡∏≠‡∏Ñ‡∏¥‡∏î‡πÄ‡∏¢‡∏≠‡∏∞‡πÜ ‡∏Å‡πá‡∏à‡∏∞‡∏Å‡∏±‡∏á‡∏ß‡∏•‡∏´‡∏ô‡πà‡∏≠‡∏¢‡πÜ ‡πÄ‡∏û‡∏£‡∏≤‡∏∞‡∏°‡∏µ‡∏≠‡∏∞‡πÑ‡∏£‡πÉ‡∏´‡∏°‡πà‡πÜ‡πÄ‡∏Ç‡πâ‡∏≤‡∏°‡∏≤‡∏ó‡∏µ‡πà15‡∏´‡∏•‡∏≤‡∏¢‡∏≠‡∏¢‡πà‡∏≤‡∏á ‡πÉ‡∏à‡πÄ‡∏•‡∏¢‡∏Ñ‡∏¥‡∏î‡∏ß‡πà‡∏≤‡∏£‡∏≠16‡∏ô‡πà‡∏≤‡∏à‡∏∞‡∏î‡∏µ‡∏Å‡∏ß‡πà‡∏≤ ‡πÄ‡∏ú‡∏∑‡πà‡∏≠‡∏ö‡∏≤‡∏á‡∏≠‡∏¢‡πà‡∏≤‡∏á‡∏ó‡∏µ‡πà‡∏°‡∏±‡∏ô‡∏°‡∏≤‡πÄ‡∏£‡∏¥‡πà‡∏°‡πÉ‡∏ô15 ‡∏°‡∏±‡∏ô‡πÑ‡∏°‡πà‡∏•‡∏á‡∏ï‡∏±‡∏ß‡πÑ‡∏£‡∏á‡∏µ‡πä ‡πÄ‡∏ä‡∏∑‡πà‡∏≠‡∏ß‡πà‡∏≤‡πÉ‡∏ô16‡πÄ‡∏Ñ‡πâ‡∏≤‡∏ô‡πà‡∏≤‡∏à‡∏∞‡∏û‡∏±‡∏í‡∏ô‡∏≤‡∏à‡∏≤‡∏Å‡∏Å‡∏≤‡∏£‡∏ó‡∏µ‡πà‡∏•‡∏≠‡∏á‡πÉ‡∏ä‡πâ‡∏Å‡∏±‡∏ö15‡πÉ‡∏´‡πâ‡∏°‡∏±‡∏ô‡πÇ‡∏≠‡πÄ‡∏Ñ‡∏Ç‡∏∂‡πâ‡∏ô‡πÅ‡∏ô‡πà‡∏ô‡∏≠‡∏ô","2"
"‡πÄ‡∏Ñ‡πâ‡∏≤‡∏Å‡∏•‡∏±‡∏ß16‡πÑ‡∏°‡πà‡∏°‡∏µ‡∏≠‡∏∞‡πÑ‡∏£‡πÉ‡∏´‡πâ‡πÉ‡∏™‡πà‡∏Ñ‡∏£‡∏±‡∏ö ‡πÄ‡∏•‡∏¢‡πÉ‡∏™‡πà60hz‡∏°‡∏≤‡πÉ‡∏´‡πâ15‡∏Å‡πà‡∏≠‡∏ô","2"
"‡∏û‡∏π‡∏î‡πÅ‡∏ó‡∏ô‡πÉ‡∏à‡πÑ‡∏°‡πà‡∏ï‡πâ‡∏≠‡∏á‡∏≠‡∏ß‡∏¢‡∏°‡∏≤‡∏Å ‡∏à‡∏£‡∏¥‡∏á ‡πÄ‡∏£‡∏∑‡πà‡∏≠‡∏á‡∏£‡∏≤‡∏Ñ‡∏≤‡∏Å‡∏±‡∏ö‡∏™‡πÄ‡∏õ‡∏Ñ‡∏ö‡∏≤‡∏á‡∏≠‡∏¢‡πà‡∏≤‡∏á‡πÑ‡∏°‡πà‡∏™‡∏°‡πÄ‡∏´‡∏ï‡∏∏‡∏™‡∏°‡∏ú‡∏• ‡πÅ‡∏ï‡πà‡πÅ‡∏ü‡∏ô‡πÅ‡∏≠‡∏õ‡πÄ‡∏õ‡∏¥‡∏•‡∏î‡∏π‡∏£‡∏±‡∏ö‡πÑ‡∏î‡πâ‡∏Å‡πá‡πÅ‡∏•‡πâ‡∏ß‡πÅ‡∏ï‡πà","2"
"‡∏Ç‡∏≠‡∏à‡∏≠ 90 Hz ‡∏™‡∏±‡∏Å‡∏ó‡∏µ‡πÄ‡∏ñ‡∏≠‡∏∞ ‡∏ï‡∏±‡∏ß‡πÇ‡∏õ‡∏£‡∏Å‡πá 120","2"
"‡∏°‡∏∑‡∏≠‡∏ñ‡∏∑‡∏≠‡∏ï‡∏≠‡∏ô‡∏ô‡∏µ‡πâ‡∏°‡∏±‡∏ô‡πÄ‡∏•‡πà‡∏ô‡πÄ‡∏Å‡∏°‡∏£‡∏∞‡∏î‡∏±‡∏ö pc ‡πÑ‡∏î‡πâ‡∏≠‡∏¢‡∏π‡πà‡πÅ‡∏•‡πâ‡∏ß ‡∏≠‡∏¢‡πà‡∏≤‡∏á Genshin ‡πÄ‡∏õ‡πá‡∏ô‡∏ï‡∏±‡∏ß‡∏≠‡∏¢‡πà‡∏≤‡∏á ‡∏°‡∏∑‡∏≠‡∏ñ‡∏∑‡∏≠‡∏£‡∏≤‡∏Ñ‡∏≤‡∏´‡∏°‡∏∑‡πà‡∏ô‡∏Å‡∏•‡∏≤‡∏á‡πÜ‡∏Ñ‡∏∑‡∏≠‡πÅ‡∏£‡∏á‡∏Å‡∏ß‡πà‡∏≤ Nintendo Switch ‡∏≠‡∏µ‡∏Å ‡πÅ‡∏ï‡πà‡∏õ‡∏±‡∏ç‡∏´‡∏≤‡∏Ç‡∏≠‡∏á‡∏ó‡∏∏‡∏Å‡∏£‡∏∏‡πà‡∏ô‡∏Ñ‡∏∑‡∏≠‡∏Ñ‡∏ß‡∏≤‡∏°‡∏£‡πâ‡∏≠‡∏ô ‡∏ó‡∏≥‡πÉ‡∏´‡πâ‡∏Å‡∏≤‡∏£‡πÄ‡∏•‡πà‡∏ô‡πÄ‡∏Å‡∏° pc ‡∏°‡∏µ‡∏õ‡∏±‡∏ç‡∏´‡∏≤‡πÉ‡∏ô‡∏£‡∏∞‡∏¢‡∏∞‡∏¢‡∏≤‡∏ß‡πÅ‡∏ô‡πà‡∏ô‡∏≠‡∏ô","2"
"‡πÅ‡∏ï‡πà‡∏Ñ‡∏¥‡∏î‡∏ñ‡∏∂‡∏á ‡πÑ‡∏•‡∏ô‡πå‡∏ô‡∏¥‡πà‡∏á‡∏≠‡∏¢‡∏π‡πà‡∏ô‡∏∞ ‡∏°‡∏±‡∏ô‡πÄ‡∏õ‡πá‡∏ô‡πÄ‡∏´‡∏°‡∏∑‡∏≠‡∏ô ‡∏£‡∏π‡∏õ‡πÅ‡∏ö‡∏ö‡πÑ‡∏≠‡πÇ‡∏ü‡∏ô‡πÑ‡∏õ‡πÅ‡∏•‡πâ‡∏ß ‡πÅ‡∏ï‡πà‡∏Å‡πá‡∏ï‡πâ‡∏≠‡∏á‡∏°‡∏µ‡∏≠‡∏∞‡πÑ‡∏£‡∏û‡∏±‡∏í‡∏ô‡∏≤‡∏ï‡πà‡∏≠‡πÑ‡∏õ ‡πÅ‡∏ï‡πà‡∏Å‡πá‡∏Ñ‡∏¥‡∏î‡∏ñ‡∏∂‡∏á ‡∏ñ‡∏∑‡∏≠14‡πÇ‡∏õ‡∏£‡πÅ‡∏°‡πá‡∏Å‡∏≠‡∏¢‡∏π‡πà ‡∏Ñ‡∏á‡∏à‡∏∞‡πÑ‡∏°‡πà‡πÄ‡∏õ‡∏•‡∏µ‡πà‡∏¢‡∏ô15‡∏Å‡πà‡∏≠‡∏ô‡πÅ‡∏ô‡πà‡πÜ ‡∏£‡∏≠16‡∏î‡∏µ‡∏Å‡∏ß‡πà‡∏≤ ‡πÑ‡∏•‡∏ô‡πå‡∏ô‡∏¥‡πà‡∏á‡∏≠‡∏µ‡∏Å‡∏™‡∏±‡∏Å‡∏õ‡∏µ‡∏´‡∏ô‡∏∂‡πà‡∏á ‡πÄ‡∏û‡∏∑‡πà‡∏≠‡∏ó‡∏≥‡πÉ‡∏à","2"
"‡∏ñ‡πâ‡∏≤‡∏Å‡∏≤‡∏£‡πå‡∏î‡∏à‡∏≠‡∏°‡∏±‡∏ô‡πÄ‡∏ó‡∏û‡πÄ‡∏ó‡∏µ‡∏¢‡∏ö rtx 960 ‡πÄ‡∏•‡πà‡∏ôvalo(‡∏™‡πÄ‡∏õ‡∏Ñ‡πÄ‡∏Å‡∏°‡∏Ñ‡∏≠‡∏°) 60fps ‡∏õ‡∏£‡∏±‡∏ö‡∏ï‡πà‡∏≥-‡∏Å‡∏•‡∏≤‡∏á ‡∏ù‡∏∑‡∏ô‡∏≠‡∏¢‡∏π‡πà‡∏ô‡∏∞ ‡πÅ‡∏ï‡πà‡∏î‡πâ‡∏ß‡∏¢‡∏Ç‡∏ô‡∏≤‡∏î‡∏ä‡∏¥‡∏õ‡∏≠‡∏∞‡πÄ‡∏ô‡∏≤‡∏∞ ‡πÄ‡∏ó‡∏Ñ‡πÇ‡∏ô‡πÇ‡∏•‡∏¢‡∏µ‡∏û‡∏±‡∏í‡∏ô‡∏≤‡∏°‡∏≤‡∏Ç‡∏ô‡∏≤‡∏î‡∏ô‡∏µ‡πâ‡∏ñ‡∏∑‡∏≠‡∏ß‡πà‡∏≤‡πÄ‡∏ó‡∏û‡∏°‡∏≤‡∏Å ‡πÅ‡∏ï‡πà‡∏õ‡∏±‡∏ç‡∏´‡∏≤‡∏Ñ‡∏∑‡∏≠‡∏ô‡πà‡∏≤‡∏à‡∏∞‡πÉ‡∏ä‡πâ‡πÄ‡∏Ñ‡∏£‡∏∑‡πà‡∏≠‡∏á‡∏Å‡∏£‡∏∞‡∏à‡∏Å‡∏î‡∏µ‡∏Å‡∏ß‡πà‡∏≤‡πÄ‡∏û‡∏£‡∏≤‡∏∞‡∏Ñ‡∏≤‡∏¢‡∏Ñ‡∏ß‡∏≤‡∏°‡∏£‡πâ‡∏≠‡∏ô‡πÑ‡∏ß‡∏Å‡∏ß‡πà‡∏≤ titanium","2"
"‡∏Ñ‡∏ß‡∏≤‡∏°‡πÅ‡∏£‡∏á‡∏Ç‡∏≠‡∏á 15 ‡πÄ‡∏•‡πà‡∏ô‡πÑ‡∏î‡πâ‡∏Å‡πá‡∏à‡∏£‡∏¥‡∏á ‡πÅ‡∏ï‡πà‡∏ô‡πâ‡∏≠‡∏á‡πÉ‡∏ä‡πâ‡πÅ‡∏ö‡∏ï ‡∏â‡∏∞‡∏ô‡∏±‡πâ‡∏ô ‡∏Ñ‡∏ß‡∏≤‡∏°‡∏£‡πâ‡∏≠‡∏ô ‡∏à‡∏∞‡πÄ‡∏Ç‡πâ‡∏≤‡∏°‡∏≤‡πÄ‡∏õ‡πá‡∏ô‡∏õ‡∏±‡∏ç‡∏´‡∏≤‡πÉ‡∏´‡∏°‡πàüòÖüòÖ","2"
"‡πÄ‡∏£‡∏≤‡∏ß‡πà‡∏≤‡∏Å‡∏•‡πâ‡∏≠‡∏á‡πÑ‡∏°‡πà‡∏™‡∏ß‡∏¢‡∏á‡πà‡∏∞ ‡∏ä‡∏≠‡∏ö‡∏Å‡∏•‡πâ‡∏≠‡∏á13‡∏°‡∏≤‡∏Å‡∏Å‡∏ß‡πà‡∏≤‡πÅ‡∏ï‡πà‡∏ä‡∏≠‡∏ö‡∏ü‡∏µ‡πÄ‡∏à‡∏≠‡∏£‡πå15‡∏°‡∏≤‡∏Å‡∏Å‡∏ß‡πà‡∏≤","2"
"‡∏õ‡∏±‡∏ç‡∏´‡∏≤‡πÉ‡∏´‡∏ç‡πà‡∏Ñ‡∏∑‡∏≠‡∏Ñ‡∏ß‡∏≤‡∏°‡∏£‡πâ‡∏≠‡∏ô‡∏ô‡∏µ‡πâ‡πÅ‡∏•‡∏∞ ‡∏ó‡∏µ‡πà‡∏°‡∏∑‡∏≠‡∏ñ‡∏∑‡∏≠‡∏¢‡∏±‡∏á‡∏Å‡πâ‡∏≤‡∏ß‡∏Ç‡πâ‡∏≤‡∏°‡πÑ‡∏°‡πà‡πÑ‡∏î‡πâ","2"
"‡πÄ‡∏´‡∏ô‡∏ï‡∏≠‡∏ô‡∏ô‡∏µ‡πâ‡∏°‡∏µ‡∏Ç‡πà‡∏≤‡∏ß‡∏ß‡πà‡∏≤‡∏™‡∏≤‡∏¢usbc ‡∏Ç‡∏≠‡∏á‡πÑ‡∏≠‡πÇ‡∏ü‡∏ô ‡πÑ‡∏°‡πà‡πÄ‡∏´‡∏°‡∏∑‡∏≠‡∏ô‡∏Ç‡∏≠‡∏áandroid‡πÄ‡∏û‡∏£‡∏≤‡∏∞‡∏°‡∏µ‡∏£‡∏∞‡∏¢‡∏∞‡∏´‡πà‡∏≤‡∏á‡∏£‡∏∞‡∏´‡∏ß‡πà‡∏≤‡∏ápin‡πÑ‡∏°‡πà‡πÄ‡∏ó‡πà‡∏≤‡∏Å‡∏±‡∏ô‡∏ô‡∏¥‡∏î‡∏´‡∏ô‡πà‡∏≠‡∏¢ ‡∏ó‡∏≥‡πÉ‡∏´‡πâ‡∏´‡∏≤‡∏Å‡πÄ‡∏≠‡∏≤‡∏™‡∏≤‡∏¢usbc‡∏ó‡∏µ‡πà‡πÉ‡∏ä‡πâ‡∏Å‡∏±‡∏öandroid‡πÑ‡∏õ‡πÉ‡∏ä‡πâ‡∏Å‡∏±‡∏öiphone ‡∏à‡∏∞‡∏ó‡∏≥‡πÉ‡∏´‡πâ‡πÄ‡∏Å‡∏¥‡∏î‡∏õ‡∏±‡∏ç‡∏´‡∏≤overheat‡πÑ‡∏î‡πâ ‡πÑ‡∏°‡πà‡∏£‡∏π‡πâ‡∏ß‡πà‡∏≤‡∏à‡∏£‡∏¥‡∏á‡∏£‡∏∂‡πÄ‡∏õ‡∏•‡πà‡∏≤ ‡∏≠‡∏¢‡∏≤‡∏Å‡πÉ‡∏´‡πâ‡∏Ñ‡∏∏‡∏ì‡∏≠‡∏≤‡∏£‡πå‡∏°‡∏ó‡∏≥‡πÄ‡∏Å‡∏µ‡πà‡∏¢‡∏ß‡∏Å‡∏±‡∏ö‡πÄ‡∏£‡∏∑‡πà‡∏≠‡∏á‡∏ô‡∏µ‡πâ‡∏°‡∏≤‡∏Å‡πÜ‡∏Ñ‡∏£‡∏±‡∏ö","2"
"‡πÄ‡∏•‡∏¥‡∏Å‡∏û‡∏π‡∏î‡∏ß‡πà‡∏≤‡πÑ‡∏°‡πà‡πÉ‡∏ä‡πà‡πÑ‡∏ó‡πÄ‡∏ó‡πÄ‡∏ô‡∏µ‡∏¢‡∏°‡∏ò‡∏£‡∏£‡∏°‡∏î‡∏≤‡πÄ‡∏ñ‡∏≠‡∏∞‡∏Ñ‡∏£‡∏±‡∏ö ‡∏°‡∏±‡∏ô‡∏Ñ‡∏∑‡∏≠‡πÑ‡∏ó‡πÄ‡∏ó‡πÄ‡∏ô‡∏µ‡∏¢‡∏°‡πÄ‡∏Å‡∏£‡∏î 5 ‡∏ó‡∏µ‡πà‡πÄ‡∏õ‡πá‡∏ô‡πÄ‡∏Å‡∏£‡∏î‡∏ò‡∏£‡∏£‡∏°‡∏î‡∏≤‡∏Ñ‡∏£‡∏±‡∏ö ‡πÄ‡∏Å‡∏£‡∏î 1-4 ‡∏Ñ‡∏£‡∏±‡∏ö ‡∏ó‡∏µ‡πà‡πÄ‡∏õ‡πá‡∏ô‡πÄ‡∏Å‡∏£‡∏î‡∏™‡∏π‡∏á","2"
"‡∏£‡∏∏‡πà‡∏ô‡∏ô‡∏µ‡πâ‡πÄ‡∏£‡∏¥‡πà‡∏°‡∏£‡∏±‡∏Å‡πÇ‡∏•‡∏Å‡∏Ç‡∏∂‡πâ‡∏ô‡∏°‡∏≤‡∏ô‡∏¥‡∏î‡∏´‡∏ô‡∏∂‡πà‡∏á ‡πÄ‡∏™‡∏µ‡∏¢‡∏≠‡∏¢‡πà‡∏≤‡∏á‡πÄ‡∏î‡∏µ‡∏¢‡∏ß‡πÑ‡∏°‡πà‡πÅ‡∏ñ‡∏°‡∏´‡∏±‡∏ß‡∏ä‡∏≤‡∏£‡πå‡∏à‡πÉ‡∏´‡πâ‡∏à‡∏ö‡∏Å‡∏±‡∏ö‡πÄ‡∏Ñ‡∏£‡∏∑‡πà‡∏≠‡∏á ‡∏£‡∏≤‡∏Ñ‡∏≤‡∏Ñ‡∏£‡∏∂‡πà‡∏á‡πÅ‡∏™‡∏ô ‡∏™‡∏π‡πâ‡∏ã‡∏∑‡πâ‡∏≠‡πÄ‡∏Ñ‡∏£‡∏∑‡πà‡∏≠‡∏á‡∏™‡∏µ‡πà‡∏´‡πâ‡∏ô‡∏û‡∏±‡∏ô‡∏¢‡∏±‡∏á‡πÑ‡∏î‡πâ‡∏´‡∏±‡∏ß‡∏ä‡∏≤‡∏£‡πå‡∏à","2"
"‡πÅ‡∏£‡∏á‡πÉ‡∏´‡πâ‡∏™‡∏∏‡∏î ‡∏´‡∏¢‡∏∏‡∏î‡∏ó‡∏µ‡πà‡∏°‡∏∑‡∏≠‡πÑ‡∏´‡∏°‡πâüî•","2"
"‡πÑ‡∏°‡πà‡πÑ‡∏î‡πâ‡∏°‡∏µ‡∏≠‡∏Ñ‡∏ï‡∏¥‡∏ô‡∏∞ ‡πÄ‡∏û‡∏£‡∏≤‡∏∞‡∏Å‡πá‡πÉ‡∏ä‡πâ13pro ‡∏ñ‡πâ‡∏≤‡∏à‡∏∞‡πÉ‡∏ä‡πâ‡∏Ñ‡∏≥‡∏ß‡πà‡∏≤‡∏£‡∏∏‡πà‡∏ô‡πÉ‡∏´‡∏°‡πà ‡∏Ñ‡∏ß‡∏£‡πÄ‡∏õ‡∏•‡∏µ‡πà‡∏¢‡∏ô‡πÇ‡∏â‡∏°‡∏ô‡∏∞ (‡∏ô‡∏µ‡πà‡∏Ñ‡∏∑‡∏≠‡∏£‡∏∏‡πà‡∏ô ‡∏õ‡∏£‡∏±‡∏ö‡∏õ‡∏£‡∏∏‡∏á‡∏ï‡∏±‡πâ‡∏á‡πÅ‡∏ï‡πà‡πÑ‡∏≠‡πÇ‡∏ü‡∏ô11) ‡πÅ‡∏Ñ‡πà‡∏õ‡∏£‡∏±‡∏ö‡πÄ‡∏õ‡∏•‡∏µ‡πà‡∏¢‡∏ô‡∏ß‡∏±‡∏™‡∏î‡∏∏ ‡∏Å‡∏±‡∏ö‡πÉ‡∏™‡πâ‡πÉ‡∏ô ‡πÄ‡∏Æ‡πâ‡∏≠ ‡∏õ‡∏£‡∏±‡∏ö‡∏õ‡∏£‡∏∏‡∏á‡πÄ‡∏•‡πá‡∏Å‡πÜ‡∏ô‡πâ‡∏≠‡∏¢‡∏°‡∏≤ 12-13-14-15 ‡∏ï‡∏≠‡∏ô8‡πÄ‡∏õ‡πá‡∏ôx ‡∏ô‡∏±‡πà‡∏ô‡∏£‡∏∏‡πà‡∏ô‡πÉ‡∏´‡∏°‡πà ‡∏à‡∏≤‡∏Åxs ‡πÄ‡∏õ‡πá‡∏ô11‡∏ô‡∏±‡πà‡∏ô ‡∏Ñ‡∏∑‡∏≠‡∏£‡∏∏‡πà‡∏ô‡πÉ‡∏´‡∏°‡πà ‡∏™‡∏£‡∏∏‡∏õ ‡πÇ‡∏â‡∏°‡πÉ‡∏´‡∏°‡πà ‡∏à‡∏∞‡∏ñ‡∏∂‡∏á‡∏£‡∏∏‡πà‡∏ô 20 ‡πÅ‡∏ô‡πà‡πÜ ‡∏ö‡πà‡∏ô‡πÑ‡∏õ‡∏á‡∏±‡πâ‡∏ô‡∏™‡∏£‡∏∏‡∏õ ‡∏Å‡πá‡∏à‡∏∞‡∏ã‡∏∑‡πâ‡∏≠","2"
"‡∏ß‡πâ‡∏≤‡∏ß‡∏ß‡∏ß‡∏ß‡∏°‡∏≤‡∏Å‡∏Ñ‡∏£‡∏±‡∏ö ‡∏ô‡∏ß‡∏±‡∏ï‡∏Å‡∏£‡∏£‡∏°‡∏ó‡∏±‡πâ‡∏á‡∏ô‡∏±‡πâ‡∏ô ‡∏ó‡∏±‡πâ‡∏á USB-C ‡πÑ‡∏´‡∏ô‡∏à‡∏∞‡∏Å‡∏•‡πâ‡∏≠‡∏á‡∏ß‡∏π‡∏°‡πÑ‡∏î‡πâ‡πÑ‡∏Å‡∏•‡∏≠‡∏µ‡∏Å 555555555555","2"
"‡∏™‡πà‡∏ß‡∏ô‡∏ï‡∏±‡∏ß‡∏£‡∏π‡πâ‡∏™‡∏∂‡∏Å‡πÑ‡∏°‡πà‡πÑ‡∏î‡πâ‡∏ß‡πâ‡∏≤‡∏ß‡∏≠‡∏∞‡πÑ‡∏£‡∏Å‡∏±‡∏ö‡∏õ‡∏∏‡πà‡∏° action ‡πÄ‡∏û‡∏£‡∏≤‡∏∞‡∏£‡∏π‡πâ‡∏™‡∏∂‡∏Å‡∏ß‡πà‡∏≤‡∏à‡∏∞‡πÉ‡∏ä‡πâ‡∏≠‡∏±‡∏ô‡πÑ‡∏´‡∏ô‡∏ï‡πâ‡∏≠‡∏á‡πÑ‡∏õ‡∏ï‡∏±‡πâ‡∏á‡πÄ‡∏≠‡∏≤‡πÄ‡∏≠‡∏á‡∏≠‡∏¢‡∏π‡πà‡∏î‡∏µ ‡∏ö‡∏≤‡∏á‡∏ó‡∏µ‡∏ï‡∏≠‡∏ô‡∏ô‡∏±‡πâ‡∏ô‡∏≠‡∏¢‡∏≤‡∏Å‡∏ñ‡πà‡∏≤‡∏¢‡∏£‡∏π‡∏õ‡πÅ‡∏ï‡πà‡∏õ‡∏¥‡∏î‡πÄ‡∏™‡∏µ‡∏¢‡∏á‡∏Å‡πá‡∏à‡∏≥‡πÄ‡∏õ‡πá‡∏ô‡πÑ‡∏°‡πà‡∏£‡∏π‡πâ‡∏ß‡πà‡∏≤‡∏à‡∏∞‡∏ï‡∏±‡πâ‡∏á‡∏≠‡∏∞‡πÑ‡∏£‡πÄ‡∏õ‡πá‡∏ôbase‡∏î‡∏µ","2"
"‡πÉ‡∏ô‡πÄ‡∏£‡∏∑‡πà‡∏≠‡∏á graphic ‡∏ú‡∏°‡πÑ‡∏°‡πà‡πÑ‡∏î‡πâ‡∏ï‡∏∑‡πà‡∏ô‡πÄ‡∏ï‡πâ‡∏ô‡πÄ‡∏£‡∏∑‡πà‡∏≠‡∏á Ray Tracing ‡πÄ‡∏ó‡πà‡∏≤ DLSS 3.5
‡∏Å‡∏•‡∏±‡∏ö‡∏°‡∏≤‡πÄ‡∏Ç‡πâ‡∏≤‡∏™‡∏π‡πà‡πÄ‡∏£‡∏∑‡πà‡∏≠‡∏á iphone 15 ‡πÄ‡∏ô‡∏µ‡πà‡∏¢ ‡∏Ñ‡∏ß‡∏≤‡∏°‡πÅ‡∏£‡∏á‡∏ú‡∏°‡πÑ‡∏°‡πà‡∏ï‡∏¥‡∏î‡πÉ‡∏à ‡πÅ‡∏ï‡πà‡∏≠‡∏¢‡∏≤‡∏Å‡∏£‡∏π‡πâ‡∏ß‡πà‡∏≤‡πÄ‡∏Ñ‡πâ‡∏≤‡∏à‡∏±‡∏î‡∏Å‡∏≤‡∏£‡∏Å‡∏±‡∏ö‡∏õ‡∏±‡∏ç‡∏´‡∏≤‡∏Ñ‡∏ß‡∏≤‡∏°‡∏£‡πâ‡∏≠‡∏ô‡∏Å‡∏±‡∏ö‡πÄ‡∏£‡∏∑‡πà‡∏≠‡∏á‡∏Ñ‡∏∏‡∏ì‡∏†‡∏≤‡∏û‡∏Ç‡∏≠‡∏á‡πÅ‡∏ö‡∏ï‡πÑ‡∏î‡πâ‡∏î‡∏µ‡πÅ‡∏Ñ‡πà‡πÑ‡∏´‡∏ô","2"
"‡πÅ‡∏£‡∏á‡πÅ‡∏Ñ‡πà‡πÑ‡∏´‡∏ô‡∏Å‡πá‡πÑ‡∏õ‡∏Ñ‡∏≠‡∏Ç‡∏ß‡∏î‡∏ó‡∏µ‡πà‡πÅ‡∏ö‡∏ï ‡πÅ‡∏ñ‡∏°‡∏Ñ‡∏ß‡∏≤‡∏°‡∏£‡πâ‡∏≠‡∏ô‡∏≠‡∏µ‡∏Å ‡∏¢‡∏±‡∏á‡πÑ‡∏°‡πà‡πÄ‡∏´‡∏°‡∏≤‡∏∞‡πÄ‡∏≠‡∏≤‡∏°‡∏≤‡πÄ‡∏•‡πà‡∏ô‡πÄ‡∏Å‡∏°‡πÉ‡∏´‡∏ç‡πà‡πÜ‡∏Ç‡∏ô‡∏≤‡∏î‡∏ô‡∏±‡πâ‡∏ô ‡πÄ‡∏õ‡πá‡∏ô‡πÄ‡∏£‡∏∑‡πà‡∏≠‡∏á‡∏ô‡πà‡∏≤‡πÄ‡∏®‡∏£‡πâ‡∏≤‡∏Ç‡∏≠‡∏á‡∏≠‡∏∏‡∏õ‡∏Å‡∏£‡∏ì‡πå‡∏û‡∏Å‡∏û‡∏≤ ‡∏™‡πà‡∏ß‡∏ô‡∏≠‡∏∑‡πà‡∏ô‡πÑ‡∏õ‡∏ï‡πà‡∏≠‡πÑ‡∏°‡πà‡∏£‡∏≠‡πÅ‡∏•‡πâ‡∏ß‡∏ô‡∏∞ ‡πÅ‡∏ï‡πà‡πÅ‡∏ö‡∏ï‡∏ö‡∏≠‡∏Å‡∏£‡∏≠‡∏Å‡∏π‡∏Å‡πà‡∏≠‡∏ô","2"
"‡∏†‡∏≤‡∏û‡∏°‡∏±‡∏ô‡∏™‡∏ß‡∏¢‡∏Å‡∏ß‡πà‡∏≤ rtx 4090 ‡πÑ‡∏´‡∏°‡∏Ñ‡∏£‡∏±‡∏ö","2"
"‡∏ä‡∏≠‡∏ö‡∏≠‡∏¢‡πà‡∏≤‡∏á‡πÄ‡∏î‡∏µ‡∏¢‡∏ß‡πÄ‡∏•‡∏¢‡∏Ñ‡∏∑‡∏≠ ai ‡∏Å‡∏•‡πâ‡∏≠‡∏á‡∏ô‡∏µ‡πà‡πÅ‡∏´‡∏•‡∏∞ ‡∏≠‡∏¢‡πà‡∏≤‡∏á‡∏≠‡∏∑‡πà‡∏ô‡πÄ‡∏â‡∏¢‡πÜ‡∏°‡∏≤‡∏Å","2"
"‡∏¢‡∏±‡∏á‡πÄ‡∏ó‡∏µ‡∏¢‡∏ö‡πÑ‡∏°‡πà‡πÑ‡∏î‡πâ ‡πÄ‡∏û‡∏£‡∏≤‡∏∞‡πÇ‡∏°‡∏ö‡∏≤‡∏¢‡∏£‡πâ‡∏≠‡∏ô‡∏á‡πà‡∏≤‡∏¢ ‡πÄ‡πÄ‡∏•‡∏∞‡∏£‡∏ö‡∏≤‡∏¢‡∏≠‡∏≠‡∏Å‡∏¢‡∏≤‡∏Å‡πÑ‡∏°‡πà‡πÄ‡∏´‡∏°‡∏∑‡∏≠‡∏ô pc","2"
"‡∏°‡∏±‡∏ô‡∏™‡∏≤‡∏°‡∏≤‡∏£‡∏ñ‡πÄ‡∏•‡πà‡∏ô‡πÄ‡∏Å‡∏ô‡∏ä‡∏¥‡∏ô‡∏õ‡∏£‡∏±‡∏ö‡∏™‡∏∏‡∏î‡πÑ‡∏î‡πâ‡πÑ‡∏´‡∏°‡∏Ñ‡∏£‡∏±‡∏ö ‡πÅ‡∏•‡πâ‡∏ß‡πÄ‡∏£‡∏∑‡πà‡∏≠‡∏á‡∏Ñ‡∏ß‡∏≤‡∏°‡∏£‡πâ‡∏≠‡∏ô‡∏î‡πâ‡∏ß‡∏¢‡∏¢üòÇ","2"
"‡πÑ‡∏≠‡πÇ‡∏ü‡∏ô‡∏à‡∏±‡∏î‡∏Å‡∏≤‡∏£‡∏Ñ‡∏ß‡∏≤‡∏°‡∏£‡πâ‡∏≠‡∏ô‡πÑ‡∏î‡πâ‡∏¢‡∏±‡∏á‡∏Ñ‡∏£‡∏±‡∏ö ‡∏ñ‡πâ‡∏≤‡∏£‡πâ‡∏≠‡∏ô‡∏°‡∏±‡∏ô‡∏Å‡πá‡∏õ‡∏±‡∏ç‡∏´‡∏≤‡πÄ‡∏î‡∏¥‡∏°‡πÜ‡∏Ñ‡∏£‡∏±‡∏ö","2"
"‡πÄ‡∏•‡πà‡∏ô‡πÑ‡∏î‡πâ‡∏°‡∏±‡∏ô‡∏Å‡πá surprise ‡∏ô‡∏∞ ‡πÅ‡∏ï‡πà‡∏≠‡∏¢‡∏≤‡∏Å‡∏£‡∏π‡πâ‡πÄ‡∏£‡∏∑‡πà‡∏≠‡∏á‡∏ó‡∏≥‡πÑ‡∏á‡∏Å‡∏±‡∏ö‡∏Ñ‡∏ß‡∏≤‡∏°‡∏£‡πâ‡∏≠‡∏ô‡πÄ‡∏ô‡∏µ‡πà‡∏¢‡πÅ‡∏´‡∏•‡∏∞","2"
"‡πÄ‡∏Ñ‡∏£‡∏∑‡πà‡∏≠‡∏á‡πÅ‡∏£‡∏á‡∏°‡∏±‡πâ‡∏¢‡πÑ‡∏°‡πà‡∏£‡∏π‡πâ‡πÅ‡∏ï‡πà‡∏£‡∏≤‡∏Ñ‡∏≤‡∏Ñ‡∏á‡πÅ‡∏£‡∏á‡πÑ‡∏Ç‡πà‡∏™‡∏±‡πà‡∏ô","2"
"‡πÄ‡∏ó‡∏Ñ‡πÇ‡∏ô‡πÇ‡∏•‡∏¢‡∏µ‡πÑ‡∏õ‡πÑ‡∏Å‡∏•‡πÅ‡∏ï‡πà‡∏ï‡∏±‡∏á‡∏Ñ‡πå‡πÉ‡∏ô‡∏Å‡∏£‡∏∞‡πÄ‡∏õ‡πã‡∏≤‡πÑ‡∏°‡πà‡πÄ‡∏Ñ‡∏¢‡∏ï‡∏≤‡∏°‡∏ó‡∏±‡∏ôüòÇ","2"
"Switch ‡∏Å‡πá‡∏£‡∏±‡∏ô‡πÑ‡∏î‡πâ‡∏î‡∏µ‡∏ö‡∏≤‡∏á‡πÄ‡∏Å‡∏°‡πÅ‡∏Ñ‡πà‡∏•‡∏î‡∏™‡πÄ‡∏õ‡∏Ñ ‡∏´‡∏ô‡πà‡∏≠‡∏¢","2"
"iPhone 15 Pro Max ‡∏Ç‡∏≠‡∏á‡πÄ‡∏£‡∏≤‡∏¢‡∏±‡∏á‡πÑ‡∏°‡πà‡∏°‡∏µ‡∏õ‡∏±‡∏ç‡∏´‡∏≤‡∏ä‡∏≤‡∏£‡πå‡∏à‡πÅ‡∏•‡πâ‡∏ß‡πÄ‡∏Ñ‡∏£‡∏∑‡πà‡∏≠‡∏á‡∏£‡πâ‡∏≠‡∏ô overheat ‡∏ô‡∏∞ ‡∏Ñ‡∏∑‡∏≠‡∏ä‡∏≤‡∏£‡πå‡∏à‡πÅ‡∏•‡πâ‡∏ß‡∏£‡πâ‡∏≠‡∏ô‡∏õ‡∏Å‡∏ï‡∏¥ ‡∏ó‡∏µ‡πà‡πÄ‡∏Ñ‡∏¢‡∏ä‡∏≤‡∏£‡πå‡∏à‡πÑ‡∏≠‡πÇ‡∏ü‡∏ô‡∏°‡∏≤‡∏ï‡∏•‡∏≠‡∏î‡πÅ‡∏´‡∏•‡∏∞","2"
"‡πÑ‡∏≠‡πÇ‡∏ü‡∏ô‡∏ó‡∏≥‡∏≠‡∏≠‡∏Å‡∏°‡∏≤‡πÅ‡∏ö‡∏ö‡πÑ‡∏´‡∏ô‡∏Å‡πá‡∏Ç‡∏≤‡∏¢‡πÑ‡∏î‡πâ ‡∏£‡∏π‡∏õ‡πÅ‡∏ö‡∏ö‡∏™‡∏ß‡∏¢‡∏™‡∏π‡πâ‡πÅ‡∏≠‡∏ô‡∏î‡∏£‡∏≠‡∏¢‡∏î‡πå‡∏ö‡∏≤‡∏á‡∏£‡∏∏‡πà‡∏ô‡∏Å‡πá‡πÑ‡∏°‡πà‡πÑ‡∏î‡πâ ‡πÑ‡∏°‡πà‡∏£‡∏ß‡∏°‡∏£‡∏∞‡∏ö‡∏ö‡∏ô‡∏∞","2"
"‡πÄ‡∏£‡∏∑‡πà‡∏≠‡∏á‡∏Ñ‡∏ß‡∏≤‡∏°‡∏£‡πâ‡∏≠‡∏ô‡∏ú‡∏°‡∏ß‡πà‡∏≤‡∏ï‡∏±‡∏ß‡∏•‡∏î‡∏Ñ‡∏ß‡∏≤‡∏°‡∏£‡πâ‡∏≠‡∏ô‡∏°‡∏∑‡∏≠‡∏ñ‡∏∑‡∏≠‡∏ä‡πà‡∏ß‡∏¢‡πÑ‡∏î‡πâ‡∏ô‡∏∞‡∏´‡∏≤‡∏≠‡∏±‡∏ô‡πÄ‡∏•‡πá‡∏Å‡∏•‡∏î‡∏Ñ‡∏ß‡∏≤‡∏°‡∏£‡πâ‡∏≠‡∏ô‡πÑ‡∏î‡πâ‡∏™‡∏π‡∏á‡∏ï‡∏¥‡∏î‡∏ï‡∏±‡∏ß‡πÄ‡∏≠‡∏≤","2"
"‡πÄ‡∏™‡∏µ‡∏¢‡∏î‡∏≤‡∏¢‡∏ï‡∏£‡∏á‡∏Ç‡∏≤‡∏£‡πå‡∏ï‡πÄ‡∏£‡πá‡∏ß‡∏°‡∏≤‡∏Å‡∏ô‡πà‡∏≤‡∏à‡∏∞‡πÉ‡∏´‡πâ‡∏™‡∏±‡∏Å 40w","2"
"‡∏Ç‡∏≠‡∏ö‡∏Ñ‡∏∏‡∏ì iphone ‡∏ó‡∏µ‡πà‡∏ó‡∏≥‡πÉ‡∏´‡πâ‡πÄ‡∏£‡∏≤‡∏†‡∏π‡∏°‡∏¥‡πÉ‡∏à‡πÉ‡∏ô‡∏Å‡∏≤‡∏£‡πÉ‡∏ä‡πâ‡πÄ‡∏Ñ‡∏£‡∏∑‡πà‡∏≠‡∏á‡πÄ‡∏Å‡πà‡∏≤ ‡∏≠‡∏¥‡∏≠‡∏¥","2"
"‡∏≠‡∏¢‡∏≤‡∏Å‡πÉ‡∏´‡πâ‡πÑ‡∏≠‡πÇ‡∏ü‡∏ô‡∏°‡∏µ‡∏õ‡∏≤‡∏Å‡∏Å‡∏≤ ‡∏°‡∏±‡∏ô‡∏ä‡πà‡∏ß‡∏¢‡πÉ‡∏´‡πâ‡∏™‡∏∞‡∏î‡∏ß‡∏Å‡∏ï‡πà‡∏≠‡∏Å‡∏≤‡∏£‡πÉ‡∏ä‡πâ‡∏á‡∏≤‡∏ô‡πÄ‡∏ß‡∏•‡∏≤‡∏ó‡∏≥‡∏á‡∏≤‡∏ô‡∏°‡∏≤‡∏Å‡∏Ñ‡∏∞ #‡∏à‡∏∞‡∏°‡∏µ‡πÅ‡∏ô‡∏ß‡πÇ‡∏ô‡πâ‡∏°‡∏ö‡πâ‡∏≤‡∏á‡πÑ‡∏´‡∏°‡∏Ñ‡∏∞‡∏ó‡∏µ‡πà‡πÑ‡∏≠‡πÇ‡∏ü‡∏ô‡∏à‡∏∞‡∏ó‡∏≥‡∏õ‡∏≤‡∏Å‡∏Å‡∏≤‡πÄ‡∏™‡∏µ‡∏¢‡∏ö‡πÄ‡∏´‡∏°‡∏∑‡∏≠‡∏ôSS","2"
"‡∏Ñ‡∏∑‡∏≠ ‡∏Å‡πá‡∏Ñ‡∏á‡∏ã‡∏∑‡πâ‡∏≠‡πÅ‡∏´‡∏•‡∏∞ ‡πÅ‡∏ï‡πà ‡πÑ‡∏°‡πà‡πÑ‡∏î‡πâ‡∏ß‡πâ‡∏≤‡∏ß‡∏≠‡∏∞‡πÑ‡∏£‡∏Å‡∏±‡∏ö‡∏î‡∏µ‡πÑ‡∏ã‡∏ô‡πå‡πÄ‡∏•‡∏¢   ‡πÑ‡∏ó‡πÄ‡∏ó‡πÄ‡∏ô‡∏µ‡πà‡∏¢‡∏°‡πÉ‡∏Ñ‡∏£‡πÄ‡∏Ñ‡πâ‡∏≤‡∏Å‡πá‡πÉ‡∏ä‡πâ‡∏Å‡∏±‡∏ô‡∏ô‡∏≤‡∏ô‡πÅ‡∏•‡πâ‡∏ß ‡πÅ‡∏ß‡πà‡∏ô‡∏ï‡∏≤ ‡∏ô‡∏≤‡∏¨‡∏¥‡∏Å‡∏≤  ‡πÄ‡∏â‡∏¢‡∏°‡∏≤‡∏Å","2"
"‡πÑ‡∏°‡πà‡∏≠‡∏¢‡∏≤‡∏Å‡∏ô‡∏∂‡∏Å ‡∏ñ‡πâ‡∏≤‡πÑ‡∏≠‡πÇ‡∏ü‡∏ô ‡∏Ñ‡∏≠‡∏•‡πÅ‡∏•‡∏õ‡∏Å‡∏±‡∏ö‡πÇ‡∏ã‡∏ô‡∏µ‡πà ‡πÅ‡∏•‡πâ‡∏ß‡∏£‡∏±‡∏ô ps2 3 4 ‡πÑ‡∏î‡πâ ^__^ ‡∏Ç‡∏≠‡∏ù‡∏±‡∏ô‡πÅ‡∏õ‡∏õ","2"
"15 PRO ‡πÄ‡∏•‡πà‡∏ô PUBG MOBILE  ‡∏£‡∏≠‡∏ö‡πÄ‡∏î‡∏µ‡πà‡∏¢‡∏ß‡∏£‡∏π‡πâ‡πÄ‡∏£‡∏∑‡πà‡∏≠‡∏á 555 ‡πÄ‡∏Ñ‡∏£‡∏∑‡πà‡∏≠‡∏á‡∏£‡πâ‡∏≠‡∏ô‡∏°‡∏≤‡∏Å‡∏Ñ‡∏£‡∏±‡∏ö ‡∏à‡∏∞‡∏£‡∏≠‡∏î‡∏°‡∏±‡πâ‡∏¢‡∏¢‡∏¢","2"
"15 ‡∏ò‡∏£‡∏£‡∏°‡∏î‡∏≤‡πÑ‡∏î‡πâ‡πÑ‡∏´‡∏°","2"
"‡∏ñ‡πâ‡∏≤‡πÑ‡∏≠‡πÇ‡∏ü‡∏ô‡∏™‡∏≤‡∏°‡∏≤‡∏£‡∏ñ‡πÇ‡∏Ñ‡∏•‡∏ô‡πÅ‡∏≠‡∏õ‡πÑ‡∏î‡πâ‡∏à‡∏∞‡∏î‡∏µ‡∏°‡∏≤‡∏Å ‡∏ï‡∏≠‡∏ô‡∏ô‡∏µ‡πâ‡∏•‡∏±‡∏á‡πÄ‡∏•‡∏°‡∏≤‡∏Å‡∏à‡∏∞‡πÄ‡∏≠‡∏≤‡∏î‡∏µ‡πÑ‡∏´‡∏°","2"
"‡∏≠‡∏¢‡∏≤‡∏Å‡πÉ‡∏´‡πâ‡∏ó‡∏∏‡∏Å‡∏Ñ‡∏ô‡πÉ‡∏à‡πÄ‡∏¢‡πá‡∏ô‡πÄ‡∏£‡∏∑‡πà‡∏≠‡∏á‡πÄ‡∏Å‡∏° ‡∏°‡∏∑‡∏≠‡∏ñ‡∏∑‡∏≠‡πÄ‡∏û‡∏¥‡πà‡∏á‡∏ß‡∏≤‡∏á‡∏Ç‡∏≤‡∏¢ ‡∏ô‡∏±‡∏Å‡∏û‡∏±‡∏í‡∏ô‡∏≤‡πÄ‡∏Å‡∏°‡∏Å‡πá‡∏≠‡∏±‡∏õ‡πÄ‡∏î‡∏ï‡∏¢‡∏±‡∏á‡πÑ‡∏°‡πà‡∏ó‡∏±‡∏ô‡∏Å‡∏±‡∏ô ‡∏ó‡∏µ‡πà‡∏°‡∏±‡∏ô‡∏Å‡∏£‡∏∞‡∏ï‡∏∏‡∏Å‡∏ï‡πà‡∏≤‡∏á ‡πÜ ‡πÄ‡∏û‡∏£‡∏≤‡∏∞‡πÄ‡∏Å‡∏°‡∏°‡∏±‡∏ô‡∏¢‡∏±‡∏á‡πÑ‡∏°‡πà optimize ‡πÄ‡∏û‡∏∑‡πà‡∏≠‡πÉ‡∏´‡πâ‡∏£‡∏≠‡∏á‡∏£‡∏±‡∏ö‡∏ä‡∏¥‡∏õ‡πÉ‡∏´‡∏°‡πà‡∏ö‡∏ô iPhone 15 Pro ‡∏´‡∏£‡∏∑‡∏≠ 15 Pro Max","2"
"‡πÄ‡∏•‡πà‡∏ôBDO‡∏õ‡∏£‡∏±‡∏ö‡∏£‡∏µ‡∏°‡∏≤‡∏™‡πÄ‡∏ï‡∏≠‡∏£‡πå‡πÑ‡∏´‡∏ß‡πÑ‡∏´‡∏°","2"
"‡πÄ‡∏â‡∏¢‡πÜ ‡∏ñ‡πâ‡∏≤‡∏≠‡∏¢‡∏≤‡∏Å‡πÄ‡∏•‡πà‡∏ô‡πÅ‡∏ö‡∏ö‡∏û‡∏Å‡∏û‡∏≤‡∏à‡∏£‡∏¥‡∏á‡πÜ ‡πÑ‡∏õ‡∏ã‡∏∑‡πâ‡∏≠‡∏û‡∏ß‡∏Å steamdeck ‡∏´‡∏£‡∏∑‡∏≠‡πÑ‡∏°‡πà‡∏Å‡πá rog ally ‡∏î‡∏µ‡∏Å‡∏ß‡πà‡∏≤ ‡πÅ‡∏£‡∏á‡∏Å‡∏ß‡πà‡∏≤‡∏ï‡∏±‡πâ‡∏á‡πÄ‡∏¢‡∏≠‡∏∞‡πÅ‡∏ñ‡∏°‡∏ñ‡∏π‡∏Å‡∏Å‡∏ß‡πà‡∏≤‡∏Å‡∏±‡∏ô‡πÄ‡∏Å‡∏∑‡∏≠‡∏ö‡∏Ñ‡∏£‡∏∂‡πà‡∏á","2"
"‡∏ï‡πâ‡∏≠‡∏á‡∏•‡∏≠‡∏á‡∏ó‡∏µ‡πà‡∏°‡∏∑‡∏î‡∏´‡∏£‡∏∑‡∏≠‡πÉ‡∏ô‡∏£‡πà‡∏° ‡πÄ‡∏•‡∏ô‡∏™‡πå‡∏ã‡∏π‡∏°‡∏™‡πà‡∏ß‡∏ô‡πÉ‡∏´‡∏ç‡πà‡πÑ‡∏°‡πà‡∏Ñ‡πà‡∏≠‡∏¢‡∏à‡∏∞‡∏£‡∏≠‡∏î ‡πÄ‡∏û‡∏£‡∏≤‡∏∞‡∏Ñ‡πà‡∏≤ f ‡∏Ñ‡πà‡∏≠‡∏ô‡∏Ç‡πâ‡∏≤‡∏á‡πÄ‡∏¢‡∏≠‡∏∞","2"
"‡∏ñ‡πâ‡∏≤‡πÄ‡∏•‡πà‡∏ô‡∏Ñ‡∏≠‡∏ô‡∏ó‡∏£‡πà‡∏≤‡πÑ‡∏î‡πâ‡∏Å‡πâ‡∏ô‡πà‡∏≤‡∏ã‡∏∑‡πâ‡∏≠‡∏≠‡∏¢‡∏∏‡πà","2"
"‡πÄ‡∏ó‡∏µ‡∏¢‡∏ö‡∏Å‡∏±‡∏ö rog ally ‡∏ô‡∏µ‡πà iphone ‡∏î‡∏µ‡∏Å‡∏ß‡πà‡∏≤‡∏´‡∏£‡∏∑‡∏≠ ‡∏î‡πâ‡∏≠‡∏¢‡∏Å‡∏ß‡πà‡∏≤‡∏°‡∏≤‡∏Å‡∏°‡∏±‡πâ‡∏¢‡∏Ñ‡∏£‡∏±‡∏ö","2"
"‡πÄ‡∏≠‡∏≤‡∏à‡∏£‡∏¥‡∏á‡∏™‡∏≥‡∏´‡∏£‡∏±‡∏ö‡πÄ‡∏£‡∏≤‡∏ô‡∏∞ ‡πÄ‡∏•‡∏ô‡∏™‡πå 5x ‡πÉ‡∏ô 15 Pro max ‡∏´‡∏≤‡πÇ‡∏≠‡∏Å‡∏≤‡∏™‡πÉ‡∏ä‡πâ‡πÑ‡∏î‡πâ‡∏¢‡∏≤‡∏Å‡∏Å‡∏ß‡πà‡∏≤ 3x ‡πÉ‡∏ô 15 Pro ‡πÄ‡∏û‡∏£‡∏≤‡∏∞‡∏°‡∏±‡∏ô‡∏ï‡πâ‡∏≠‡∏á‡∏ñ‡∏≠‡∏¢‡πÅ‡∏ö‡∏ö‡πÑ‡∏Å‡∏•‡∏•‡∏•‡∏•‡∏•‡∏•","2"
"‡πÑ‡∏°‡πà‡∏û‡∏π‡∏î‡πÄ‡∏£‡∏∑‡πà‡∏≠‡∏á‡πÅ‡∏ö‡∏ï ‡πÄ‡∏£‡∏∑‡πà‡∏≠‡∏á‡∏Ñ‡∏ß‡∏≤‡∏°‡∏£‡πâ‡∏≠‡∏ô‡πÄ‡∏•‡∏¢ ‡∏°‡∏±‡∏ô‡πÉ‡∏ä‡πà‡∏´‡∏£‡∏≠","2"
"‡∏û‡∏ô‡∏±‡∏Å‡∏á‡∏≤‡∏ô‡∏£‡πâ‡∏≤‡∏ô‡πÇ‡∏ó‡∏£‡∏®‡∏±‡∏û‡∏ó‡πå‡∏ö‡∏≠‡∏Å‡∏ß‡πà‡∏≤ ‡∏•‡∏π‡∏Å‡∏Ñ‡πâ‡∏≤‡∏´‡∏•‡∏≤‡∏¢‡∏Ñ‡∏ô‡∏°‡∏≤‡∏Å‡∏ó‡∏µ‡πà‡∏à‡∏≠‡∏á‡∏™‡∏µ Natural titanium ‡∏û‡∏≠‡∏°‡∏≤‡πÄ‡∏´‡πá‡∏ô‡∏ï‡∏±‡∏ß‡∏à‡∏£‡∏¥‡∏á‡πÅ‡∏•‡πâ‡∏ß‡∏ú‡∏¥‡∏î‡∏´‡∏ß‡∏±‡∏á‡∏≠‡∏¢‡∏≤‡∏Å‡∏¢‡∏Å‡πÄ‡∏•‡∏¥‡∏Å‡∏à‡∏≠‡∏á ‡πÉ‡∏Ñ‡∏£‡∏¢‡∏±‡∏á‡πÑ‡∏°‡πà‡πÑ‡∏î‡πâ‡∏à‡∏≠‡∏á‡πÅ‡∏ô‡∏∞‡∏ô‡∏≥‡πÉ‡∏´‡πâ‡πÑ‡∏õ‡∏î‡∏π‡∏™‡∏µ‡∏à‡∏£‡∏¥‡∏á‡∏Å‡πà‡∏≠‡∏ô‡∏ô‡∏∞","2"
"‡πÅ‡∏ö‡∏ï‡πÄ‡∏Ç‡∏≤‡∏à‡∏∞‡∏û‡∏≠‡πÉ‡∏´‡∏°‡∏ô‡πà‡∏∞‡∏Ñ‡∏£‡∏±‡∏ö","2"
"‡πÑ‡∏≠‡πÇ‡∏ü‡∏ô‡∏£‡∏≤‡∏Ñ‡∏≤‡∏ô‡∏µ‡πâ‡∏ú‡∏°‡∏ã‡∏∑‡πâ‡∏≠‡∏Ñ‡∏≠‡∏°‡πÇ‡∏´‡∏î‡πÜ‡πÑ‡∏î‡πâ‡πÄ‡∏Ñ‡∏£‡∏∑‡πà‡∏≠‡∏á‡πÄ‡∏•‡∏¢‡∏ô‡∏∞5555","2"
"‡πÄ‡∏•‡πà‡∏ô‡πÄ‡∏Å‡∏ô‡∏ä‡∏¥‡∏ô‡πÑ‡∏î‡πâ‡∏Å‡∏µ‡πà‡∏ô‡∏≤‡∏ó‡∏µ‡∏Ñ‡∏£‡∏±‡∏öüòÇüòÇüòÇ","2"
"14promax‡∏à‡∏∞‡∏™‡∏≤‡∏°‡∏≤‡∏£‡∏ñ‡πÄ‡∏•‡πà‡∏ô‡πÑ‡∏î‡πâ‡πÑ‡∏´‡∏°‡∏Ñ‡∏£‡∏±‡∏ö","2"
"‡πÄ‡∏•‡πà‡∏ô‡πÑ‡∏î‡πâ ‡πÅ‡∏ï‡πà‡πÄ‡∏•‡πà‡∏ô‡πÑ‡∏î‡πâ‡∏Å‡∏µ‡πà‡∏ô‡∏≤‡∏ó‡∏µ‡∏ô‡∏µ‡∏≠‡∏µ‡∏Å‡πÄ‡∏£‡∏∑‡πà‡∏≠‡∏á","2"
"‡∏´‡∏ô‡πâ‡∏≤‡∏à‡∏≠‡πÑ‡∏°‡πà‡πÄ‡∏õ‡∏•‡∏µ‡πà‡∏¢‡∏ô‡πÄ‡∏•‡∏¢555","2"
"‡πÅ‡∏õ‡∏õ‡πÄ‡∏î‡∏µ‡∏¢‡∏ß‡∏£‡πâ‡∏≠‡∏ô‡∏õ‡πà‡∏≤‡∏ß","2"
"IP15 ‡∏Å‡∏±‡∏ö IP14 ‡∏ï‡πà‡∏≤‡∏á‡∏Å‡∏±‡∏ô‡∏ï‡∏£‡∏á‡πÑ‡∏´‡∏ô","2"
"‡∏ï‡∏±‡∏ß Pro ‡∏ñ‡πâ‡∏≤‡∏ä‡∏≠‡∏ö‡πÇ‡∏ó‡∏ô‡∏™‡∏ß‡πà‡∏≤‡∏á‡∏ï‡πâ‡∏≠‡∏á White ‡∏™‡∏ß‡∏¢‡∏≠‡∏°‡∏ï‡∏∞ ‡∏ï‡∏±‡∏ß Natural ‡∏û‡∏≠‡∏ï‡∏±‡∏ß‡∏à‡∏£‡∏¥‡∏á‡∏°‡∏±‡∏ô‡∏ò‡∏£‡∏£‡∏°‡∏î‡∏≤‡∏°‡∏≤‡∏Å ‡πÑ‡∏°‡πà‡πÇ‡∏î‡∏î‡πÄ‡∏î‡πà‡∏ô‡πÄ‡∏•‡∏¢","2"
"‡∏ô‡∏µ‡πà‡∏û‡∏≠‡πÉ‡∏à‡∏Å‡∏±‡∏ö‡∏™‡∏µ‡∏ö‡∏•‡∏π‡∏°‡∏≤‡∏Å ‡∏û‡∏≠‡∏°‡∏≤‡πÄ‡∏´‡πá‡∏ô‡∏™‡∏µ Natural ‡∏Ç‡∏≠‡∏á‡πÄ‡∏û‡∏∑‡πà‡∏≠‡∏ô‡∏Å‡πá‡∏Ñ‡∏∑‡∏≠‡∏î‡∏µ‡πÅ‡∏•‡πâ‡∏ß‡∏ó‡∏µ‡πà‡πÄ‡∏≠‡∏≤‡∏ö‡∏•‡∏π‡∏°‡∏≤","2"
"‡πÄ‡∏î‡∏µ‡πã‡∏¢‡∏ß‡∏ô‡∏µ‡πâ iPhone ‡∏°‡∏µ‡∏≠‡∏±‡∏õ‡πÄ‡∏î‡∏ï‡∏£‡∏π‡∏õ ‡∏´‡∏•‡∏±‡∏á‡∏ñ‡πà‡∏≤‡∏¢ Portrait ‡πÑ‡∏õ‡πÅ‡∏•‡πâ‡∏ß ‡∏≠‡∏¢‡πà‡∏≤‡∏á‡∏ï‡∏≠‡∏ô‡πÅ‡∏£‡∏Å ‡∏ô‡∏≤‡∏á‡πÄ‡∏ö‡∏•‡∏≠‡∏ú‡∏¥‡∏î ‡∏´‡∏•‡∏≠‡∏î‡∏ñ‡∏π‡∏Å‡πÄ‡∏ö‡∏•‡∏≠‡πÑ‡∏õ‡∏î‡πâ‡∏ß‡∏¢ ‡πÅ‡∏•‡πâ‡∏ß‡∏£‡∏≠‡πÑ‡∏õ‡πÅ‡∏õ‡πä‡∏ö‡∏ô‡∏∂‡∏á ‡∏´‡∏•‡∏≠‡∏î‡∏ô‡∏≤‡∏á‡∏Å‡∏•‡∏±‡∏ö‡∏°‡∏≤ !?","2"
"‡∏ï‡∏≠‡∏ô‡πÅ‡∏£‡∏Å‡∏•‡∏±‡∏á‡πÄ‡∏•‡∏°‡∏≤‡∏Å‡∏£‡∏∞‡∏´‡∏ß‡πà‡∏≤‡∏á iPhone 15 Pro Max ‡∏™‡∏µ Natural ‡∏Å‡∏±‡∏ö‡∏™‡∏µ White ‡πÄ‡∏´‡πá‡∏ô‡πÅ‡∏ï‡πà‡πÉ‡∏ô‡∏£‡∏π‡∏õ‡∏Å‡πá‡∏ä‡∏≠‡∏ö‡∏™‡∏µ Natural ‡∏ô‡∏∞ ‡πÅ‡∏ï‡πà‡∏™‡∏∏‡∏î‡∏ó‡πâ‡∏≤‡∏¢‡πÄ‡∏•‡∏∑‡∏≠‡∏Å‡∏™‡∏µ‡∏Ç‡∏≤‡∏ß‡πÄ‡∏û‡∏£‡∏≤‡∏∞‡∏ä‡∏≠‡∏ö‡∏™‡∏µ‡∏ô‡∏µ‡πâ‡∏°‡∏≤‡∏ï‡∏•‡∏≠‡∏î ‡∏°‡∏±‡∏ô‡∏Ñ‡∏•‡∏≤‡∏™‡∏™‡∏¥‡∏Ñ‡∏î‡∏µ ‡πÅ‡∏•‡∏∞‡∏à‡∏≤‡∏Å‡∏õ‡∏£‡∏∞‡∏™‡∏ö‡∏Å‡∏≤‡∏£‡∏ì‡πå‡∏Ñ‡∏∑‡∏≠‡πÄ‡∏Å‡∏•‡∏µ‡∏¢‡∏î‡∏™‡∏µ Space Gray ‡∏°‡∏≤‡∏Å","2"
"iphone 15 pro ‡πÉ‡∏ä‡πâ‡∏á‡∏≤‡∏ô‡πÄ‡∏•‡πà‡∏ô‡πÇ‡∏ã‡πÄ‡∏ä‡∏µ‡πà‡∏¢‡∏•‡∏ó‡∏±‡πà‡∏ß‡πÑ‡∏õ‡πÑ‡∏°‡πà‡∏°‡∏µ‡∏≠‡∏≤‡∏Å‡∏≤‡∏£‡∏£‡πâ‡∏≠‡∏ô‡πÄ‡∏•‡∏¢ ‡∏Ç‡∏ô‡∏≤‡∏î‡πÄ‡∏õ‡∏¥‡∏î 5 g ‡∏Å‡πá‡∏°‡∏µ‡∏≠‡∏∏‡πà‡∏ô‡∏Ç‡∏∂‡πâ‡∏ô‡∏°‡∏≤‡∏ö‡∏≤‡∏á‡∏ô‡∏¥‡∏î‡∏´‡∏ô‡πà‡∏≠‡∏¢‡πÅ‡∏Ñ‡πà‡∏ö‡∏≤‡∏á‡∏Ñ‡∏£‡∏±‡πâ‡∏á ‡πÅ‡∏ï‡πà‡∏Å‡πá‡πÑ‡∏°‡πà‡∏≠‡∏∏‡πà‡∏ô‡πÄ‡∏ó‡πà‡∏≤‡πÄ‡∏´‡∏°‡∏∑‡∏≠‡∏ô‡∏ï‡∏≠‡∏ô‡πÉ‡∏ä‡πâ iphone 13 pro max ‡πÅ‡∏ï‡πà‡∏ñ‡πâ‡∏≤‡πÄ‡∏•‡πà‡∏ô‡πÄ‡∏Å‡∏°‡∏™‡πå‡∏≠‡∏∏‡πà‡∏ô‡∏†‡∏π‡∏°‡∏¥‡∏à‡∏∞‡∏Ç‡∏∂‡πâ‡∏ô‡πÑ‡∏ß‡∏°‡∏≤‡∏Å ‡πÄ‡∏ä‡πà‡∏ô pubg 5555 ‡πÑ‡∏°‡πà‡∏£‡∏π‡πâ‡∏ß‡πà‡∏≤‡∏õ‡∏Å‡∏ï‡∏¥‡πÑ‡∏´‡∏° ‡πÄ‡∏û‡∏£‡∏≤‡∏∞‡πÅ‡∏ó‡∏ö‡∏à‡∏∞‡πÑ‡∏°‡πà‡πÑ‡∏î‡πâ‡πÄ‡∏•‡πà‡∏ô‡πÄ‡∏Å‡∏°‡∏™‡πå‡∏ö‡∏ô‡∏°‡∏∑‡∏≠‡∏ñ‡∏∑‡∏≠‡πÄ‡∏•‡∏¢","2"
"‡πÉ‡∏ä‡πâ 15 pro ‡∏°‡∏≤‡πÄ‡∏´‡∏°‡∏∑‡∏≠‡∏ô‡∏Å‡∏±‡∏ô‡∏Å‡πá‡πÅ‡∏ö‡∏ï‡∏≠‡∏∂‡∏î‡∏î‡∏µ ‡πÅ‡∏ï‡πà‡∏≠‡∏≤‡∏à‡πÄ‡∏û‡∏£‡∏≤‡∏∞‡∏ú‡∏°‡πÑ‡∏°‡πà‡πÄ‡∏•‡πà‡∏ô‡πÄ‡∏Å‡∏°‡πÄ‡∏•‡∏¢‡∏î‡πâ‡∏ß‡∏¢555 ‡∏™‡πà‡∏ß‡∏ô‡∏Å‡∏•‡πâ‡∏≠‡∏á‡πÄ‡∏õ‡∏¥‡∏î‡πÅ‡∏õ‡∏õ‡πÄ‡∏î‡∏µ‡∏¢‡∏ß‡∏Å‡πá‡∏£‡πâ‡∏≠‡∏ô‡πÅ‡∏•‡πâ‡∏ß","2"
"‡πÄ‡∏õ‡∏¥‡∏î‡∏Å‡∏•‡πâ‡∏≠‡∏á‡∏£‡πâ‡∏≠‡∏ô‡∏á‡πà‡∏≤‡∏¢‡∏à‡∏£‡∏¥‡∏á‡∏Ñ‡∏£‡∏±‡∏ö ‡πÅ‡∏ï‡πà‡πÉ‡∏ä‡πâ‡πÇ‡∏ã‡πÄ‡∏ä‡∏µ‡∏¢‡∏•‡∏°‡∏µ‡πÄ‡∏î‡∏µ‡∏¢‡∏ó‡∏±‡πà‡∏ß‡πÑ‡∏õ ‡πÑ‡∏°‡πà‡∏£‡πâ‡∏≠‡∏ô","2"
"‡∏¢‡∏≠‡∏°‡∏≠‡∏±‡∏û‡∏°‡∏≤ Max ‡πÄ‡∏û‡∏£‡∏≤‡∏∞‡∏ü‡∏±‡∏á‡∏Å‡πå‡∏ä‡∏±‡πà‡∏ô‡∏Å‡∏•‡πâ‡∏≠‡∏á‡∏ó‡∏µ‡πà‡∏ã‡∏π‡∏°‡πÑ‡∏Å‡∏•‡∏Å‡∏ß‡πà‡∏≤ (5x)","2"
"‡∏£‡∏π‡πâ‡∏™‡∏∂‡∏Å‡∏î‡∏≥‡∏Ç‡∏≠‡∏á 15 ‡∏ò‡∏£‡∏£‡∏°‡∏î‡∏≤ ‡∏™‡∏ß‡∏¢‡∏Å‡∏ß‡πà‡∏≤‡πÅ‡∏´‡∏∞","2"
"‡πÄ‡∏≠‡∏≤‡∏à‡∏£‡∏¥‡∏á 15 ‡∏ò‡∏£‡∏£‡∏°‡∏î‡∏≤‡∏Å‡πá‡∏û‡∏≠‡∏•‡∏∞","2"
"‡πÅ‡∏ö‡∏ï‡πÑ‡∏°‡πà‡∏´‡∏°‡∏î‡πÑ‡∏ß‡∏ô‡∏∞‡∏Ñ‡∏±‡∏ö ‡πÅ‡∏ï‡πà‡∏ñ‡πâ‡∏≤‡πÇ‡∏ó‡∏£‡∏Ñ‡∏∏‡∏¢‡∏ô‡∏≤‡∏ô‡πÜ ‡πÄ‡∏Ñ‡∏£‡∏∑‡πà‡∏≠‡∏á‡∏£‡πâ‡∏≠‡∏ô‡∏à‡∏¥‡∏á‡πÜ ‡∏Ñ‡∏±‡∏ö","2"
"‡πÄ‡∏´‡πá‡∏ô‡∏£‡∏≤‡∏Ñ‡∏≤‡∏ö‡∏±‡∏ï‡∏£‡πÅ‡∏•‡πâ‡∏ß ‡∏à‡∏≤‡∏Å pm ‡πÄ‡∏´‡∏•‡∏∑‡∏≠ 15 ‡∏ò‡∏£‡∏£‡∏°‡∏î‡∏≤‡∏Å‡πá‡πÑ‡∏î‡πâ","2"
"‡∏ï‡∏±‡∏î‡∏™‡∏¥‡∏ô‡πÉ‡∏à‡πÑ‡∏°‡πà‡πÑ‡∏î‡πâ 15 pro ‡∏´‡∏£‡∏∑‡∏≠15 ‡∏ò‡∏£‡∏£‡∏°‡∏î‡∏≤‡∏î‡∏µ","2"
"‡∏≠‡∏¢‡∏≤‡∏Å‡πÑ‡∏î‡πâ 15‡∏û‡∏•‡∏±‡∏™ ‡πÅ‡∏ï‡πà‡∏£‡∏≤‡∏Ñ‡∏≤‡πÄ‡∏≠‡∏≤‡πÑ‡∏õ‡∏ã‡∏∑‡πâ‡∏≠ 14 pro ‡πÑ‡∏î‡πâ‡πÄ‡∏•‡∏¢","2"
"15‡∏û‡∏•‡∏±‡∏™ ‡πÑ‡∏î‡πâ‡πÅ‡∏ö‡∏ï‡πÄ‡∏¢‡∏≠‡∏∞‡∏Å‡∏ß‡πà‡∏≤15 ‡πÇ‡∏õ‡∏£‡πÅ‡∏°‡πâ‡∏Å‡∏≠‡∏µ‡∏Å‡∏≠‡∏∞","2"
"15‡∏û‡∏•‡∏±‡∏™ ‡∏î‡∏µ‡∏°‡∏∏‡πâ‡∏¢ ‡∏≠‡∏¢‡∏≤‡∏Å‡πÑ‡∏î‡πâ‡∏à‡∏≠‡πÉ‡∏´‡∏ç‡πà","2"
"‡∏û‡∏•‡∏±‡∏™‡∏ß‡∏ô‡∏Å‡∏•‡∏±‡∏ö‡∏°‡∏≤‡∏Å‡∏≠‡∏µ‡∏Å‡∏Ñ‡∏£‡∏±‡πâ‡∏á ‡∏£‡∏≠ 16 ‡∏≠‡∏≠‡∏Å‡∏Ñ‡πà‡∏≠‡∏¢‡∏ã‡∏∑‡πâ‡∏≠ 15 ‡∏û‡∏•‡∏±‡∏™","2"
"OK ‡∏£‡∏≠‡∏£‡∏∏‡πà‡∏ô‡πÉ‡∏´‡∏°‡πà‡∏Å‡πá‡πÑ‡∏î‡πâ","2"
"‡πÉ‡∏à‡∏Å‡∏∏‡∏°‡∏≤ 15plus ‡∏°‡∏≤‡∏î‡∏π‡∏à‡∏£‡∏¥‡∏á‡πÜ‡∏≠‡∏¢‡∏≤‡∏Å‡πÑ‡∏î‡πâ 15promax ‡πÅ‡∏ó‡∏ô","2"
"‡πÄ‡∏£‡∏∑‡πà‡∏≠‡∏á‡πÄ‡∏Å‡∏°‡∏Ñ‡∏∑‡∏≠‡πÄ‡∏£‡∏∑‡πà‡∏≠‡∏á‡∏à‡∏£‡∏¥‡∏á ‡πÅ‡∏ï‡πà‡πÅ‡∏≠‡∏õ‡πÄ‡∏õ‡∏¥‡∏•‡∏ï‡πâ‡∏≠‡∏á‡∏•‡∏î‡∏Ñ‡∏ß‡∏≤‡∏°‡πÄ‡∏Ç‡∏µ‡πâ‡∏¢‡∏ß‡∏•‡∏á‡∏ö‡πâ‡∏≤‡∏á ‡πÑ‡∏°‡πà‡∏≠‡∏¢‡πà‡∏≤‡∏á‡∏á‡∏±‡πâ‡∏ô‡∏à‡∏∞‡∏î‡∏∂‡∏á‡∏ó‡∏±‡πâ‡∏á‡∏ô‡∏±‡∏Å‡∏û‡∏±‡∏í‡∏ô‡∏≤‡πÅ‡∏•‡∏∞‡πÄ‡∏Å‡∏°‡πÄ‡∏°‡∏≠‡∏£‡πå‡πÉ‡∏´‡πâ‡∏™‡∏ô‡πÉ‡∏à‡πÑ‡∏°‡πà‡πÑ‡∏î‡πâ‡πÄ‡∏•‡∏¢ ‡∏≠‡∏¢‡πà‡∏≤‡∏•‡∏∑‡∏°‡∏ß‡πà‡∏≤‡πÄ‡∏Å‡∏°‡∏ö‡∏ô‡πÄ‡∏Ñ‡∏£‡∏∑‡πà‡∏≠‡∏á‡πÄ‡∏•‡πà‡∏ô‡∏≠‡∏∑‡πà‡∏ô‡πÜ‡∏°‡∏±‡∏ô‡∏°‡∏µ‡∏≠‡∏¢‡∏π‡πà‡πÅ‡∏•‡πâ‡∏ß ‡∏°‡∏±‡∏ô‡∏¢‡πà‡∏≠‡∏°‡πÄ‡∏Å‡∏¥‡∏î‡∏Å‡∏≤‡∏£‡πÄ‡∏õ‡∏£‡∏µ‡∏¢‡∏ö‡πÄ‡∏ó‡∏µ‡∏¢‡∏ö‡∏≠‡∏¢‡πà‡∏≤‡∏á‡∏´‡∏•‡∏µ‡∏Å‡πÄ‡∏•‡∏µ‡πà‡∏¢‡∏á‡πÑ‡∏°‡πà‡πÑ‡∏î‡πâ.","2"
"‡πÑ‡∏°‡πà‡∏ï‡πâ‡∏≠‡∏á‡∏ã‡∏∑‡πâ‡∏≠ ‡∏ï‡πà‡∏≠‡πÉ‡∏´‡πâ‡πÄ‡∏£‡∏≤‡πÑ‡∏°‡πà‡∏ã‡∏∑‡πâ‡∏≠ ‡∏ö‡∏£‡∏¥‡∏©‡∏±‡∏ó‡πÄ‡∏Ç‡∏≤‡∏Å‡πá‡∏Ç‡∏≤‡∏¢‡∏î‡∏µ‡∏≠‡∏¢‡∏π‡πà‡πÅ‡∏•‡πâ‡∏ß ‡πÑ‡∏≠‡πÇ‡∏ü‡∏ô‡∏Ñ‡∏∑‡∏≠‡∏°‡∏∑‡∏≠‡∏ñ‡∏∑‡∏≠‡∏ó‡∏µ‡πà‡∏Ç‡∏≤‡∏¢‡∏î‡∏µ‡∏ó‡∏µ‡πà‡∏™‡∏∏‡∏î‡πÉ‡∏ô‡∏ï‡∏•‡∏≤‡∏î‡πÇ‡∏•‡∏Å‡∏≠‡∏±‡∏ô‡∏î‡∏±‡∏ö1-10‡πÑ‡∏≠‡πÇ‡∏ü‡∏ô‡πÄ‡∏´‡∏°‡∏≤‡∏´‡∏°‡∏î.","2"
"‡πÄ‡∏Ñ‡πâ‡∏≤‡∏ó‡∏≥‡πÄ‡∏û‡∏∑‡πà‡∏≠‡∏£‡∏≠‡∏á‡∏£‡∏±‡∏ö‡πÄ‡∏Å‡∏°‡∏°‡∏∑‡∏≠‡∏ñ‡∏∑‡∏≠‡∏ó‡∏µ‡πà‡∏à‡∏∞‡πÉ‡∏ä‡πâ‡∏ó‡∏£‡∏±‡∏û‡∏¢‡∏≤‡∏Å‡∏£‡∏°‡∏≤‡∏Å‡∏Ç‡∏∂‡πâ‡∏ô‡πÉ‡∏ô‡∏≠‡∏ô‡∏≤‡∏Ñ‡∏ï‡∏Ñ‡∏£‡∏±‡∏ö ‡πÄ‡∏Ñ‡πâ‡∏≤‡πÑ‡∏°‡πà‡πÑ‡∏î‡πâ‡∏Ñ‡∏¥‡∏î‡∏à‡∏∞‡∏°‡∏≤‡πÅ‡∏Ç‡πà‡∏á‡∏Å‡∏±‡∏ö‡πÄ‡∏Å‡∏°‡πÉ‡∏ô‡∏Ñ‡∏≠‡∏°‡∏à‡∏£‡∏¥‡∏á‡πÜ‡∏´‡∏£‡∏≠‡∏Å","2"
"‡∏à‡∏≤‡∏Å ‡∏Ñ‡∏ô‡∏ñ‡∏∑‡∏≠ 11pro ‡∏£‡∏π‡πâ‡∏™‡∏∂‡∏Å‡∏ß‡πà‡∏≤ ‡πÑ‡∏°‡πà‡πÑ‡∏î‡πâ‡∏£‡∏π‡πâ‡∏™‡∏∂‡∏Å‡∏ß‡πà‡∏≤ ‡∏ß‡πâ‡∏≤‡∏ß ‡∏à‡∏ô‡∏ï‡πâ‡∏≠‡∏á‡πÄ‡∏õ‡∏•‡∏µ‡πà‡∏¢‡∏ô‡πÄ‡∏Ñ‡∏£‡∏∑‡πà‡∏≠‡∏á‡∏Ñ‡πà‡∏∞ (‡πÅ‡∏ï‡πà‡∏¢‡∏≠‡∏°‡∏£‡∏±‡∏ö‡∏ß‡πà‡∏≤ ‡πÄ‡∏Ç‡∏≤‡∏î‡∏µ‡∏à‡∏£‡∏¥‡∏á ‡πÄ‡∏û‡∏£‡∏≤‡∏∞ 11 ‡∏ó‡∏µ‡πà‡∏°‡∏µ‡∏Å‡πá‡∏¢‡∏±‡∏á‡πÉ‡∏ä‡πâ‡∏î‡∏µ‡∏≠‡∏¢‡∏π‡πà) ‡∏£‡∏≠ iphone 17 ‡∏Ñ‡πà‡∏∞ ‡∏´‡∏ß‡∏±‡∏á‡∏ß‡πà‡∏≤‡∏ï‡∏≠‡∏ô‡∏ô‡∏±‡πâ‡∏ô‡∏à‡∏∞‡∏°‡∏µ‡∏≠‡∏∞‡πÑ‡∏£‡πÉ‡∏´‡πâ‡∏ß‡πâ‡∏≤‡∏ß ‡∏°‡∏≤‡∏Å‡∏Ç‡∏∂‡πâ‡∏ô‡∏Å‡∏ß‡πà‡∏≤‡∏ô‡∏µ‡πâ","2"
"‡∏ï‡∏Å‡∏•‡∏á apple ‡∏ä‡∏π‡πÄ‡∏£‡∏∑‡πà‡∏≠‡∏á‡πÄ‡∏Å‡∏°‡πÅ‡∏ï‡πà‡πÑ‡∏°‡πà‡πÄ‡∏´‡πá‡∏ô‡∏û‡∏π‡∏î‡πÄ‡∏£‡∏∑‡πà‡∏≠‡∏á‡∏£‡∏∞‡∏ö‡∏≤‡∏¢‡∏Ñ‡∏ß‡∏≤‡∏°‡∏£‡πâ‡∏≠‡∏ô‡πÄ‡∏•‡∏¢ ‡∏ô‡∏≠‡∏Å‡∏à‡∏≤‡∏Å‡∏ä‡∏∑‡πà‡∏≠‡∏£‡∏∏‡πà‡∏ô 14 ‡πÑ‡∏õ 15 ‡∏ö‡∏≠‡∏î‡∏µ‡πâ‡πÑ‡∏ó‡πÄ‡∏ó cpu ‡πÅ‡∏£‡∏á ‡∏ô‡∏≠‡∏Å‡∏à‡∏≤‡∏Å‡∏ô‡∏µ‡πâ‡∏°‡∏µ‡∏≠‡∏µ‡∏Å‡∏°‡∏±‡πâ‡∏¢ ‡∏ñ‡πâ‡∏≤‡∏Ñ‡∏ô‡πÄ‡∏•‡πà‡∏ô‡πÄ‡∏Å‡∏°‡∏°‡∏∑‡∏≠‡∏ñ‡∏∑‡∏≠‡∏Ñ‡∏∑‡∏≠‡∏ä‡∏¥‡∏õ‡πÅ‡∏£‡∏á‡∏à‡∏£‡∏¥‡∏á‡∏Å‡πá‡πÉ‡∏ä‡πà‡∏´‡∏ô‡∏∞‡∏™‡∏¥‡∏Å‡πá‡∏°‡∏±‡∏ô‡πÑ‡∏°‡πà‡∏°‡∏µ‡∏£‡∏∏‡πà‡∏ô‡∏¢‡πà‡∏≠‡∏¢‡∏°‡∏≤‡πÄ‡∏õ‡∏£‡∏µ‡∏¢‡∏ö‡πÄ‡∏ó‡∏µ‡∏¢‡∏ö‡πÄ‡∏´‡∏°‡∏∑‡∏≠‡∏ô android ‡∏Ñ‡∏ô‡∏ñ‡πâ‡∏≤‡πÄ‡∏≠‡∏≤‡πÄ‡∏£‡∏∑‡∏≠‡∏ò‡∏á‡∏Ç‡∏≠‡∏á android ‡∏°‡∏≤‡πÄ‡∏ó‡∏µ‡∏¢‡∏ö‡∏Å‡πá‡∏Ñ‡πà‡∏≠‡∏¢‡∏ß‡∏±‡∏î‡∏Å‡∏±‡∏ô‡πÑ‡∏î‡πâ ‡πÅ‡∏•‡πâ‡∏ß‡∏ñ‡πâ‡∏≤‡∏Ñ‡∏ô‡πÄ‡∏•‡πà‡∏ô‡πÄ‡∏Å‡∏°‡∏°‡∏∑‡∏≠‡∏ñ‡∏∑‡∏≠‡∏´‡∏£‡∏∑‡∏≠‡∏Ñ‡∏≠‡πÄ‡∏Å‡∏°‡∏à‡∏£‡∏¥‡∏á‡∏à‡∏∞‡∏£‡∏π‡πâ‡∏Ñ‡∏£‡∏±‡∏ö‡∏ß‡πà‡∏≤‡∏ô‡∏±‡∏Å‡∏û‡∏±‡∏í‡∏ô‡∏≤‡πÄ‡∏•‡∏∑‡∏≠‡∏Å‡∏ó‡∏µ‡πà‡∏à‡∏∞‡∏û‡∏±‡∏í‡∏ô‡∏≤‡πÄ‡∏Å‡∏°‡πÉ‡∏´‡πâ‡∏ù‡∏±‡πà‡∏á android ‡∏Å‡πà‡∏≠‡∏ô ios ‡πÄ‡∏û‡∏£‡∏≤‡∏∞ ‡∏ï‡∏•‡∏≤‡∏î android ‡∏Å‡∏ß‡πâ‡∏≤‡∏á‡∏Å‡∏ß‡πà‡∏≤ open source ‡∏Å‡∏ß‡πà‡∏≤ ‡πÄ‡∏Å‡∏°‡∏°‡∏∑‡∏≠‡∏ñ‡∏∑‡∏≠‡∏™‡πà‡∏ß‡∏ô‡∏°‡∏≤‡∏Å‡∏°‡∏≤‡∏à‡∏≤‡∏Å‡∏à‡∏µ‡∏ô‡∏´‡∏°‡∏î‡∏≠‡∏¢‡πà‡∏≤‡∏á tencent ‡∏ó‡∏µ‡πà‡∏Å‡∏ß‡∏≤‡∏î‡∏ã‡∏∑‡πâ‡∏≠‡∏´‡∏∏‡πâ‡∏ô‡∏Ñ‡πà‡∏≤‡∏¢‡πÄ‡∏Å‡∏°‡∏ï‡πà‡∏≤‡∏á‡πÜ ‡∏°‡∏≤‡∏ó‡∏≥‡πÄ‡∏Å‡∏°‡∏°‡∏∑‡∏≠‡∏ñ‡∏∑‡∏≠ ‡∏ñ‡πâ‡∏≤‡∏à‡∏∞‡πÄ‡∏•‡πà‡∏ô‡πÄ‡∏Å‡∏° AAA ‡πÅ‡∏ö‡∏ö PC ‡πÇ‡∏´ ‡∏¢‡∏≤‡∏Å‡∏Ñ‡∏£‡∏±‡∏ö‡∏£‡∏∞‡∏ö‡∏ö‡∏£‡∏∞‡∏ö‡∏≤‡∏¢‡∏Ñ‡∏ß‡∏≤‡∏°‡∏£‡πâ‡∏≠‡∏ô‡πÅ‡∏ó‡∏ö‡πÑ‡∏°‡πà‡∏°‡∏µ ‡πÄ‡∏õ‡πá‡∏ô‡πÄ‡∏Å‡∏°‡∏°‡∏¥‡πà‡∏á‡πÇ‡∏ü‡∏ô‡πÉ‡∏´‡πâ‡πÑ‡∏î‡πâ‡∏Å‡πà‡∏≠‡∏ô ‡∏ú‡∏°‡∏ß‡πà‡∏≤‡∏°‡∏±‡∏ô‡πÄ‡∏ß‡πà‡∏≠‡∏£‡πå‡πÑ‡∏õ ‡∏ó‡∏µ‡πà apple ‡∏à‡∏∞‡∏ö‡∏≠‡∏Å ‡πÄ‡∏õ‡πá‡∏ô‡∏ä‡∏±‡∏¢‡∏ä‡∏ô‡∏∞‡∏Ç‡∏≠‡∏á‡∏Ñ‡∏≠‡πÄ‡∏Å‡∏° 555","2"
"‡∏î‡∏π‡πÄ‡∏™‡∏£‡πá‡∏à‡∏ú‡∏°‡∏ô‡∏µ‡πà‡∏ï‡∏±‡∏î‡∏™‡∏¥‡∏ô‡πÉ‡∏à‡πÑ‡∏î‡πâ‡πÄ‡∏•‡∏¢‡∏ß‡πà‡∏≤ 15 ‡∏ò‡∏£‡∏£‡∏°‡∏î‡∏≤ 256GB ‡∏™‡∏±‡∏Å‡∏ï‡∏±‡∏ß‡∏Å‡πá‡∏û‡∏≠‡∏•‡∏∞ ‡πÑ‡∏°‡πà‡∏ï‡πâ‡∏≠‡∏á‡πÑ‡∏õ‡∏ï‡∏±‡∏ß Pro ‡∏Å‡πá‡πÑ‡∏î‡πâ (‡πÅ‡∏ï‡πà‡∏Å‡πá‡πÅ‡∏≠‡∏ö‡πÄ‡∏™‡∏µ‡∏¢‡∏î‡∏≤‡∏¢ AOD, ProMotion, USB-C 3 ‡∏Ç‡∏≠‡∏á‡∏ï‡∏±‡∏ß Pro ‡∏≠‡∏¢‡∏π‡πà‡∏ô‡∏¥‡∏î‡∏´‡∏ô‡πà‡∏≠‡∏¢‡πÄ‡∏´‡∏°‡∏∑‡∏≠‡∏ô‡∏Å‡∏±‡∏ô‡∏ô‡∏∞‡∏Ñ‡∏£‡∏±‡∏ö","2"
"‡πÄ‡∏£‡∏∑‡πà‡∏≠‡∏á‡∏£‡∏∞‡∏ö‡∏≤‡∏¢‡∏Ñ‡∏ß‡∏≤‡∏°‡∏£‡πâ‡∏≠‡∏ô ‡∏¢‡∏±‡∏á‡πÑ‡∏á‡∏°‡∏±‡∏ô‡∏Å‡πá‡∏ï‡πâ‡∏≠‡∏á ‡πÉ‡∏ä‡πâ‡∏û‡∏±‡∏î‡∏•‡∏°‡∏î‡∏∂‡∏á‡∏ä‡πà‡∏ß‡∏¢‡∏Ñ‡∏£‡∏±‡∏ö ‡∏ñ‡πâ‡∏≤‡πÄ‡∏Ñ‡πâ‡∏≤‡∏ó‡∏≥‡∏°‡∏≤ ‡∏†‡∏≤‡∏û‡∏•‡∏±‡∏Å‡∏©‡∏ì‡πå‡∏°‡∏±‡∏ô‡∏Ñ‡∏á‡πÅ‡∏ß‡πâ‡∏ô‡∏ã‡πå‡πÑ‡∏õ‡∏ó‡∏±‡∏ô‡∏ó‡∏µ ‡∏î‡∏π‡πÅ‡∏•‡πâ‡∏ß ‡∏ô‡πà‡∏≤‡∏à‡∏∞‡∏°‡∏≤‡∏ä‡∏¥‡∏°‡∏•‡∏≤‡∏á‡∏ï‡∏•‡∏≤‡∏î‡πÄ‡∏Å‡∏°‡∏°‡∏¥‡πà‡∏á‡∏´‡∏ô‡πà‡∏≠‡∏¢‡πÄ‡∏â‡∏¢‡πÜ","2"
"‡∏ú‡∏°‡∏ß‡πà‡∏≤‡∏Ñ‡∏ô‡∏ó‡∏µ‡πà‡∏ã‡∏∑‡πâ‡∏≠ iphone 15 ‡∏™‡πà‡∏ß‡∏ô‡πÉ‡∏´‡∏ç‡πà ‡∏Ñ‡∏∑‡∏≠‡πÑ‡∏°‡πà‡πÑ‡∏î‡πâ‡∏°‡∏µ‡∏õ‡∏±‡∏ç‡∏´‡∏≤‡∏Å‡∏±‡∏ö‡∏™‡∏¥‡πà‡∏á‡∏ó‡∏µ‡πà apple ‡∏Å‡∏±‡∏Å ‡πÄ‡∏ä‡πà‡∏ô ‡∏à‡∏≠ 60 hz ‡∏Å‡πá‡πÑ‡∏°‡πà‡πÑ‡∏î‡πâ‡∏°‡∏µ‡∏õ‡∏±‡∏ç‡∏´‡∏≤‡πÄ‡∏û‡∏£‡∏≤‡∏∞‡πÑ‡∏°‡πà‡πÑ‡∏î‡πâ‡πÄ‡∏•‡πà‡∏ô‡πÄ‡∏Å‡∏° ‡πÅ‡∏•‡πâ‡∏ß‡∏Å‡πá‡πÄ‡∏Ñ‡∏¢‡πÉ‡∏ä‡πâ‡πÅ‡∏ï‡πà 60 hz ‡∏°‡∏≤‡∏Å‡πà‡∏≠‡∏ô , usb-c ‡∏õ‡∏Å‡∏ï‡∏¥‡πÉ‡∏ä‡πâ‡πÅ‡∏ï‡πà‡∏ä‡∏≤‡∏£‡πå‡∏ï ‡πÑ‡∏°‡πà‡πÄ‡∏Ñ‡∏¢‡πÉ‡∏ä‡πâ‡πÇ‡∏≠‡∏ô‡∏Ç‡πâ‡∏≠‡∏°‡∏π‡∏•‡πÄ‡∏Ç‡πâ‡∏≤‡∏Ñ‡∏≠‡∏° ‡∏Å‡πá usb c 2 ‡∏Å‡πá‡∏û‡∏≠","2"
"‡∏Å‡∏≤‡∏£‡∏Ñ‡∏£‡∏≠‡∏õ‡∏ó‡∏±‡πà‡∏ß‡πÜ ‡πÑ‡∏õ  ‡∏Ñ‡∏ß‡∏≤‡∏°‡∏•‡∏∞‡πÄ‡∏≠‡∏µ‡∏¢‡∏î‡∏Ç‡∏≠‡∏á‡∏†‡∏≤‡∏û‡∏à‡∏∞‡∏•‡∏î‡∏•‡∏á   ‡πÅ‡∏ï‡πàIphone ‡∏Å‡∏≥‡∏•‡∏±‡∏á‡πÄ‡∏õ‡∏•‡∏µ‡πà‡∏¢‡∏ô‡∏ß‡∏á‡∏Å‡∏≤‡∏£‡∏Å‡∏•‡πâ‡∏≠‡∏á‡πÇ‡∏î‡∏¢‡∏Å‡∏≤‡∏£‡∏Ñ‡∏£‡∏≠‡∏õ‡∏ó‡∏µ‡πà‡∏Ñ‡∏ß‡∏≤‡∏°‡∏•‡∏∞‡πÄ‡∏≠‡∏µ‡∏¢‡∏î‡∏¢‡∏±‡∏á‡πÄ‡∏ó‡πà‡∏≤‡πÄ‡∏î‡∏¥‡∏°  (‡∏ú‡∏°‡∏ß‡πà‡∏≤‡∏ó‡∏¥‡∏°‡∏â‡∏•‡∏≤‡∏î‡∏ï‡∏£‡∏á‡∏ô‡∏µ‡πâ‡πÅ‡∏´‡∏•‡∏∞‡∏Ñ‡∏£‡∏±‡∏ö  ‡∏û‡∏µ‡πà‡∏à‡πã‡∏≤‡∏≤‡∏≤) 
‡πÅ‡∏•‡∏∞‡∏Å‡∏≤‡∏£ turn ‡∏Å‡∏≤‡∏£‡∏à‡∏±‡∏î‡πÄ‡∏£‡∏∑‡πà‡∏≠‡∏á‡∏û‡∏¥‡πÄ‡∏ã‡∏•‡∏≠‡∏µ‡∏Å ‡πÅ‡∏õ‡∏•‡∏Å‡πÅ‡∏ï‡∏Å‡πÅ‡∏¢‡∏Å‡πÑ‡∏õ‡∏≠‡∏µ‡∏Å  ‡∏ó‡∏¥‡∏°‡∏Å‡∏≥‡∏•‡∏±‡∏á‡∏™‡∏£‡πâ‡∏≤‡∏á‡∏°‡∏≤‡∏ï‡∏£‡∏ê‡∏≤‡∏ô‡∏Å‡∏•‡πâ‡∏≠‡∏á‡πÉ‡∏´‡πâ‡∏Å‡∏±‡∏ö‡∏ï‡∏±‡∏ß‡πÄ‡∏≠‡∏á","2"
"‡πÄ‡∏£‡∏∑‡πà‡∏≠‡∏á ‡πÄ‡∏Å‡∏° ‡∏ú‡∏°‡∏ß‡πà‡∏≤ ‡∏Ñ‡∏á‡∏´‡∏≤‡∏Å‡∏¥‡∏ô‡πÑ‡∏î‡πâ‡πÅ‡∏ï‡πà‡πÄ‡∏Å‡∏°‡πÄ‡∏•‡πá‡∏Å‡πÄ‡∏Å‡∏°‡∏ô‡πâ‡∏≠‡∏¢ ‡∏´‡∏£‡∏∑‡∏≠‡∏û‡∏ß‡∏Å ‡∏≠‡∏≠‡∏ô‡πÑ‡∏•‡∏ô‡πå‡∏Å‡∏î‡∏Å‡∏≤‡∏ä‡∏≤ ‡∏ô‡∏±‡πà‡∏ô‡πÅ‡∏´‡∏•‡∏∞‡∏Ñ‡∏£‡∏±‡∏ö ‡∏ñ‡πâ‡∏≤‡∏à‡∏∞‡πÄ‡∏Ç‡πâ‡∏≤‡∏°‡∏≤‡πÉ‡∏ô‡πÇ‡∏•‡∏Å‡∏ï‡∏•‡∏≤‡∏î‡πÄ‡∏Å‡∏° AAA ‡∏ï‡∏≠‡∏ô‡∏ô‡∏µ‡πâ ‡∏´‡πà‡∏≤‡∏á‡∏Å‡∏±‡∏ö‡∏Ñ‡∏≠‡∏ô‡πÇ‡∏ã‡∏•‡∏´‡∏£‡∏∑‡∏≠pc ‡∏™‡∏∏‡∏î‡πÜ ‡πÄ‡∏≠‡∏≤‡∏á‡πà‡∏≤‡∏¢‡πÜ ‡πÅ‡∏Ñ‡πà ps5 ‡πÅ‡∏ñ‡∏°‡∏à‡∏≠‡∏¢ ‡∏¢‡∏±‡∏á‡∏ñ‡∏π‡∏Å‡∏Å‡∏ß‡πà‡∏≤ ‡πÄ‡∏Ñ‡∏£‡∏∑‡πà‡∏≠‡∏á‡∏ï‡πà‡∏≥‡∏™‡∏∏‡∏î ‡∏Ç‡∏≠‡∏áiphone 15‡πÅ‡∏•‡πâ‡∏ß‡∏≠‡∏µ‡∏Å‡∏ó‡∏±‡πâ‡∏á‡∏õ‡∏£‡∏∞‡∏™‡∏¥‡∏ó‡∏ò‡∏¥‡∏†‡∏≤‡∏û ‡∏Ç‡∏≠‡∏á‡πÄ‡∏Å‡∏°‡πÄ‡∏û‡∏•‡∏¢‡πå 30fps ‡πÉ‡∏ô‡∏°‡∏≤‡∏ï‡∏£‡∏ê‡∏≤‡∏ô‡πÄ‡∏Å‡∏° nextgen ‡∏Ñ‡∏∑‡∏≠ ‡πÄ‡∏õ‡πá‡∏ô‡πÄ‡∏ü‡∏£‡∏° ‡∏ó‡∏µ‡πà‡∏¢‡∏≠‡∏°‡∏£‡∏±‡∏ö‡πÑ‡∏°‡πà‡πÑ‡∏î‡πâ...‡∏™‡∏≤‡∏¢‡πÄ‡∏Å‡∏°‡πÄ‡∏°‡∏≠‡∏£‡πå‡∏ú‡∏°‡πÄ‡∏´‡πá‡∏ô‡∏ó‡∏µ‡πàip ‡∏û‡∏≠‡∏£‡∏ó ‡πÄ‡∏Å‡∏°‡∏°‡∏≤‡∏•‡∏á‡∏ô‡∏µ‡πà‡∏´‡∏±‡∏ß‡πÄ‡∏£‡∏≤‡∏∞‡πÄ‡∏•‡∏¢ ‡∏à‡∏∞‡∏°‡∏µ‡πÉ‡∏Ñ‡∏£‡πÄ‡∏•‡πà‡∏ô‡πÄ‡∏Å‡∏°‡∏û‡∏ß‡∏Å‡∏ô‡∏µ‡πà‡∏î‡πâ‡∏ß‡∏¢‡πÄ‡∏´‡∏£‡∏≠","2"
"15 Pro ‡∏ñ‡πâ‡∏≤‡πÑ‡∏°‡πà‡∏ï‡∏¥‡∏î‡πÄ‡∏£‡∏∑‡πà‡∏≠‡∏á‡∏£‡∏≤‡∏Ñ‡∏≤‡πÅ‡∏Ñ‡πà‡πÄ‡∏•‡πà‡∏ô‡πÄ‡∏Å‡∏° AAA ‡πÑ‡∏î‡πâ‡∏ô‡∏µ‡πà‡∏ú‡∏°‡∏Å‡πá‡∏ß‡πâ‡∏≤‡∏ß‡πÅ‡∏•‡πâ‡∏ß‡∏Ñ‡∏£‡∏±‡∏ö ‡∏™‡πà‡∏ß‡∏ô‡∏ï‡∏±‡∏ß‡πÇ‡∏á‡πà‡πÄ‡∏£‡∏∑‡πà‡∏≠‡∏á‡∏Å‡∏•‡πâ‡∏≠‡∏á‡πÑ‡∏°‡πà‡πÑ‡∏î‡πâ‡∏ó‡∏≥‡∏á‡∏≤‡∏ô‡∏™‡∏≤‡∏¢‡∏ñ‡πà‡∏≤‡∏¢‡∏†‡∏≤‡∏û‡πÄ‡∏•‡∏¢‡πÑ‡∏°‡πà‡∏ß‡πâ‡∏≤‡∏ß‡πÅ‡∏•‡∏∞‡∏Ñ‡∏¥‡∏î‡∏ß‡πà‡∏≤‡∏°‡∏±‡∏ô‡πÑ‡∏°‡πà‡∏à‡∏≥‡πÄ‡∏õ‡πá‡∏ô‡πÄ‡∏ó‡πà‡∏≤‡πÑ‡∏´‡∏£‡πà","2"
"‡∏ô‡πà‡∏≤‡∏à‡∏∞‡∏≠‡∏±‡∏û‡∏à‡∏≠‡∏™‡∏±‡∏Å 90 Hz ‡∏Å‡πá‡∏î‡∏µ‡∏ô‡∏∞‡πÄ‡∏û‡∏£‡∏≤‡∏∞‡∏Ç‡∏ô‡∏≤‡∏î 60 HZ ‡∏Ç‡∏≠‡∏á‡πÑ‡∏≠‡πÇ‡∏ü‡∏ô‡∏¢‡∏±‡∏á‡∏î‡∏π‡∏•‡∏∑‡πà‡∏ô‡∏Å‡∏ß‡πà‡∏≤‡∏Ç‡∏≠‡∏á‡πÅ‡∏≠‡∏ô‡∏î‡∏£‡∏≠‡∏¢‡∏î‡πå ‡∏≠‡∏≤‡∏à‡∏à‡∏∞‡πÄ‡∏õ‡πá‡∏ô‡πÄ‡∏û‡∏£‡∏≤‡∏∞‡∏ä‡∏¥‡∏õ‡πÅ‡∏£‡∏á‡πÅ‡∏•‡πâ‡∏ßUI ‡∏Ç‡∏≠‡∏á IOS ‡∏™‡∏ß‡∏¢‡∏î‡πâ‡∏ß‡∏¢ ‡∏ñ‡πâ‡∏≤‡∏≠‡∏±‡∏û‡πÄ‡∏õ‡πá‡∏ô‡∏à‡∏≠ 90 HZ ‡∏Ñ‡∏á‡∏à‡∏∞‡∏•‡∏∑‡πà‡∏ô‡πÉ‡∏Å‡∏•‡πâ‡πÄ‡∏Ñ‡∏µ‡∏¢‡∏á 120HZ ‡∏Ç‡∏≠‡∏á‡πÅ‡∏≠‡∏ô‡∏î‡∏£‡∏≠‡∏¢‡∏î‡πå","2"
"‡∏ú‡∏°‡∏ß‡πà‡∏≤‡∏¢‡∏¥‡πà‡∏á‡πÄ‡∏´‡∏°‡∏∑‡∏≠‡∏ô‡πÅ‡∏≠‡∏ô‡∏î‡∏≠‡∏£‡πå‡∏¢ ‡πÉ‡∏ô‡∏Ñ‡∏£‡∏≤‡∏ö‡πÑ‡∏≠‡πÇ‡∏ü‡∏ô‡∏Ç‡∏∂‡πâ‡∏ô‡∏ô‡∏∞ 15promax ‡∏ã‡∏π‡∏°‡πÑ‡∏î‡πâ25x ‡∏ú‡∏•‡∏Ç‡∏≠‡∏á‡∏†‡∏≤‡∏û‡∏ó‡∏µ‡πà‡πÑ‡∏î‡πâ‡∏≠‡∏≠‡∏Å‡∏°‡∏≤ ‡∏°‡∏±‡∏ô‡πÑ‡∏°‡πà‡∏™‡∏°‡∏ô‡πâ‡∏≥‡∏™‡∏°‡πÄ‡∏ô‡∏∑‡πâ‡∏≠‡πÄ‡∏•‡∏¢‡∏î‡πâ‡∏ß‡∏¢‡∏ã‡πâ‡∏≥ ‡∏ñ‡πâ‡∏≤‡∏°‡∏≠‡∏á‡∏°‡∏≤‡∏ó‡∏µ‡πà‡∏ù‡∏±‡πà‡∏áSamsung23 ultra ‡∏Å‡∏±‡∏ö‡∏ã‡∏π‡∏°25x ‡πÄ‡∏ó‡πà‡∏≤‡∏Å‡∏±‡∏ô ‡∏ù‡∏±‡πà‡∏áSamsung ‡∏™‡∏°‡∏ô‡πâ‡∏≥‡∏™‡∏°‡πÄ‡∏ô‡∏∑‡πâ‡∏≠‡∏Ñ‡∏∏‡πâ‡∏°‡∏£‡∏≤‡∏Ñ‡∏≤‡∏°‡∏≤‡∏Å‡∏Å‡∏ß‡πà‡∏≤‡πÄ‡∏á‡∏¥‡∏ô‡∏ó‡∏µ‡πà‡∏ï‡πâ‡∏≠‡∏á‡πÄ‡∏™‡∏µ‡∏¢‡πÉ‡∏ô‡∏Ñ‡πà‡∏≤‡πÄ‡∏á‡∏¥‡∏ô‡∏Ç‡∏ô‡∏≤‡∏î‡∏ô‡∏µ‡πâ","2"
"‡∏ï‡∏≠‡∏ô‡∏ô‡∏µ‡πâ‡∏¢‡∏±‡∏á‡∏Å‡∏≥ iphone xs ‡∏ï‡∏±‡∏ß‡πÄ‡∏≠‡∏á‡πÑ‡∏ß‡πâ ‡πÅ‡∏•‡∏∞‡∏¢‡∏±‡∏á‡∏£‡∏≠‡∏ß‡∏±‡∏ô‡∏ó‡∏µ‡πà iphone ‡∏ï‡∏±‡∏ß‡πÄ‡∏£‡∏¥‡πà‡∏°‡∏ï‡πâ‡∏ô‡πÑ‡∏î‡πâ‡∏à‡∏≠ 120 hz ‡∏Ñ‡πà‡∏≠‡∏¢‡πÄ‡∏õ‡∏•‡∏µ‡πà‡∏¢‡∏ôüòÖ","2"
"‡∏ï‡πà‡∏≤‡∏á‡∏Å‡∏±‡∏ô‡πÅ‡∏ö‡∏ö‡∏Å‡∏≤‡∏™‡∏∞‡∏•‡∏≠‡∏á ‡∏ã‡πâ‡∏≠‡∏á‡∏õ‡∏µ‡∏õ 555","2"
"Apple ‡πÉ‡∏ä‡πâ‡πÑ‡∏ó‡πÄ‡∏ó ‡πÄ‡∏û‡∏∑‡πà‡∏≠‡∏Ñ‡∏ß‡∏≤‡∏°‡πÅ‡∏Ç‡πá‡∏á‡πÅ‡∏£‡∏á ‡∏ó‡∏ô‡∏ó‡∏≤‡∏ô ‡∏ï‡∏≤‡∏°‡∏ó‡∏µ‡πà‡πÄ‡∏Ñ‡∏•‡∏°‡πÑ‡∏ß‡πâ ‡πÑ‡∏°‡πà‡πÑ‡∏î‡πâ‡∏ö‡∏≠‡∏Å‡∏ß‡πà‡∏≤‡∏£‡∏∞‡∏ö‡∏≤‡∏¢‡∏Ñ‡∏ß‡∏≤‡∏°‡∏£‡πâ‡∏≠‡∏ô‡πÑ‡∏î‡πâ‡∏î‡∏µ ‡∏ñ‡πâ‡∏≤ ‡πÑ‡∏ó‡πÄ‡∏ó ‡∏£‡∏∞‡∏ö‡∏≤‡∏¢‡∏Ñ‡∏ß‡∏≤‡∏°‡∏£‡πâ‡∏≠‡∏ô‡πÑ‡∏î‡πâ‡∏î‡∏µ Apple  ‡∏à‡∏∞‡πÄ‡∏Ñ‡∏•‡∏°‡∏ß‡πà‡∏≤ ‡∏ô‡∏µ‡πà‡∏Ñ‡∏∑‡∏≠iPhone ‡∏ó‡∏µ‡πà‡∏£‡∏∞‡∏ö‡∏≤‡∏¢‡∏Ñ‡∏ß‡∏≤‡∏°‡∏£‡πâ‡∏≠‡∏ô‡πÑ‡∏î‡πâ‡∏î‡∏µ‡∏ó‡∏µ‡πà‡∏™‡∏∏‡∏î ‡πÄ‡∏ó‡πà‡∏≤‡∏ó‡∏µ‡πà‡πÄ‡∏Ñ‡∏¢‡∏°‡∏µ‡∏°‡∏≤","2"
"‡∏£‡∏∏‡πà‡∏ô‡∏ò‡∏£‡∏£‡∏°‡∏î‡∏≤‡∏ô‡πà‡∏≤‡∏à‡∏∞‡∏Ç‡∏≤‡∏¢‡∏î‡∏µ‡∏Å‡∏ß‡πà‡∏≤‡∏£‡∏∏‡πà‡∏ô‡πÇ‡∏õ‡∏£‡∏ô‡∏∞ ‡∏ä‡∏¥‡∏õ‡∏Å‡πá‡πÑ‡∏°‡πà‡∏°‡∏µ‡∏õ‡∏±‡∏ç‡∏´‡∏≤","2"
"‡∏ï‡πà‡∏≤‡∏á‡∏Å‡∏±‡∏ô‡∏ï‡∏£‡∏á‡πÑ‡∏´‡∏ô ‡∏ï‡πà‡∏≤‡∏á‡∏Å‡∏±‡∏ô‡∏ï‡∏£‡∏á‡πÅ‡∏û‡∏á‡∏Ç‡∏∂‡πâ‡∏ô","2"
"14 ‡πÑ‡∏õ 15 ‡∏Ñ‡∏á‡πÄ‡∏â‡∏¢‡πÜ‡∏Ñ‡∏£‡∏±‡∏ö ‡πÅ‡∏ï‡πà‡∏°‡∏±‡∏ô‡∏ß‡πâ‡∏≤‡∏ß‡πÅ‡∏•‡∏∞‡∏î‡∏µ‡∏™‡∏≥‡∏´‡∏£‡∏±‡∏ö‡∏Ñ‡∏ô‡∏ó‡∏µ‡πà‡πÉ‡∏ä‡πâ11 12 13 pm ‡πÅ‡∏•‡πâ‡∏ß‡∏≠‡∏¢‡∏≤‡∏Å‡∏à‡∏∞‡πÄ‡∏õ‡∏•‡∏µ‡πà‡∏¢‡∏ô","2"
"‡∏≠‡∏¢‡πà‡∏≤‡∏Ñ‡∏≤‡∏î‡∏´‡∏ß‡∏±‡∏á‡∏≠‡∏∞‡πÑ‡∏£ ‡∏Å‡∏±‡∏ö‡πÉ‡∏ä‡πâ‡∏°‡∏∑‡∏≠‡∏ñ‡∏∑‡∏≠‡πÄ‡∏•‡πà‡∏ô‡πÄ‡∏Å‡∏°‡∏Ñ‡∏£‡∏±‡∏ö ‡∏Ç‡∏ô‡∏≤‡∏î  ‡∏Ñ‡∏≠‡∏°‡∏£‡∏∞‡∏î‡∏±‡∏ö‡πÇ‡∏õ‡∏£  ‡∏°‡∏µ‡∏Å‡∏≤‡∏£‡∏£‡∏∞‡∏î‡∏±‡∏ö‡∏Ñ‡∏ß‡∏≤‡∏°‡∏£‡πâ‡∏≠‡∏ô‡∏î‡πâ‡∏ß‡∏¢‡∏û‡∏±‡∏î‡∏•‡∏°  ‡∏°‡∏µ‡∏ó‡πà‡∏≠‡∏£‡∏∞‡∏ö‡∏≤‡∏¢‡∏≠‡∏≤‡∏Å‡∏≤‡∏®  ‡∏¢‡∏±‡∏á‡πÄ‡∏≠‡∏≤‡πÑ‡∏°‡πà‡∏≠‡∏¢‡∏π‡πà‡πÄ‡∏•‡∏¢‡∏Ñ‡∏£‡∏±‡∏ö","2"
"A17Pro ‡∏°‡∏±‡∏ô‡∏£‡πâ‡∏≠‡∏ô‡∏ô‡πâ‡∏≠‡∏¢‡∏Å‡∏ß‡πà‡∏≤ A16 Bionic ‡∏≠‡∏¢‡∏π‡πà‡∏ô‡∏∞‡πÄ‡∏´‡πá‡∏ô‡∏ä‡πà‡∏≠‡∏á‡∏ô‡∏∂‡∏á‡πÄ‡∏ó‡∏™‡∏Ñ‡∏ß‡∏≤‡∏°‡∏£‡πâ‡∏≠‡∏ô‡∏†‡∏≤‡∏¢‡πÉ‡∏ô ‡πÅ‡∏ï‡πà‡πÄ‡∏û‡∏£‡∏≤‡∏∞‡πÑ‡∏ó‡πÄ‡∏ó‡πÄ‡∏ô‡∏µ‡∏¢‡∏°‡∏°‡∏±‡∏ô‡πÄ‡∏•‡∏¢‡πÑ‡∏°‡πà‡∏£‡∏∞‡∏ö‡∏≤‡∏¢‡∏≠‡∏≠‡∏Å ‡∏™‡∏£‡∏∏‡∏õ‡∏Ñ‡∏∑‡∏≠‡∏ä‡∏¥‡∏û‡∏î‡∏µ‡πÅ‡∏ï‡πà‡∏ß‡∏±‡∏™‡∏î‡∏∏‡∏≠‡∏°‡∏Ñ‡∏ß‡∏≤‡∏°‡∏£‡πâ‡∏≠‡∏ô‡πÑ‡∏õ‡∏´‡∏ô‡πà‡∏≠‡∏¢","2"
"14 ‡πÑ‡∏õ 15 ‡∏Ñ‡∏ß‡∏≤‡∏°‡∏Ñ‡∏∏‡πâ‡∏°‡∏≠‡∏¢‡∏π‡πà‡∏ó‡∏µ‡πà‡∏Ñ‡∏ô‡πÄ‡∏•‡∏¢‡πÄ‡∏û‡∏£‡∏≤‡∏∞‡πÑ‡∏î‡πâ usb-c ‡πÅ‡∏ï‡πà‡∏ñ‡πâ‡∏≤ 6-13 ‡πÑ‡∏õ 15 ‡∏Ñ‡∏∏‡πâ‡∏°‡πÅ‡∏ô‡πà‡∏ô‡∏≠‡∏ô","2"
"‡∏Ñ‡∏ß‡∏≤‡∏°‡πÅ‡∏£‡∏á‡∏°‡∏≤‡∏û‡∏£‡πâ‡∏≠‡∏°‡∏Å‡∏±‡∏ö‡∏Ñ‡∏ß‡∏≤‡∏°‡∏£‡πâ‡∏≠‡∏ô‡∏Ñ‡∏£‡∏±‡∏ö ‡∏ñ‡πâ‡∏≤‡∏à‡∏∞‡πÄ‡∏≠‡∏≤‡πÄ‡∏¢‡πá‡∏ô‡∏Å‡πá‡∏ï‡πâ‡∏≠‡∏á‡∏¢‡∏≠‡∏°‡πÑ‡∏°‡πà‡πÅ‡∏£‡∏á‡∏Ñ‡∏£‡∏±‡∏ö","2"
"‡∏≠‡∏¢‡∏≤‡∏Å‡πÑ‡∏î‡πâ type c ‡∏ô‡∏∞ ‡πÅ‡∏ï‡πà‡∏•‡∏∑‡∏°‡πÑ‡∏õ‡πÉ‡∏ä‡πâ AirPods ‡∏¢‡∏±‡∏á‡πÑ‡∏á‡∏Å‡πá‡∏ï‡πâ‡∏≠‡∏á‡∏û‡∏Å Lightning ‡∏≠‡∏¢‡∏π‡πà‡∏î‡∏µüòÇ","2"
"‡∏ú‡∏°‡∏ü‡∏±‡∏á‡∏à‡∏ö ‡πÄ‡∏´‡πá‡∏ô‡∏î‡πâ‡∏ß‡∏¢‡πÄ‡∏•‡∏¢ ‡πÅ‡∏•‡∏∞‡∏ï‡πâ‡∏≠‡∏á‡πÉ‡∏ä‡πâ‡∏°‡∏±‡∏ô‡∏™‡∏±‡∏Å‡∏û‡∏±‡∏Å‡∏¢‡∏±‡∏á‡∏à‡∏∞‡∏ä‡∏¥‡∏ô‡∏Å‡∏±‡∏ö‡∏à‡∏≠ 60hz","2"
"‡πÅ‡∏ö‡∏ö‡πÄ‡∏î‡∏¥‡∏°‡∏°‡∏±‡∏ô‡∏Å‡πá‡∏î‡∏µ‡∏≠‡∏¢‡∏π‡πà‡πÅ‡∏•‡πâ‡∏ß ‡πÅ‡∏ï‡πà‡∏°‡∏±‡∏ô‡πÑ‡∏°‡πà‡∏ñ‡∏π‡∏Å‡πÉ‡∏à‡πÉ‡∏Ñ‡∏£‡∏ö‡∏≤‡∏á‡∏Ñ‡∏ô‡πÑ‡∏á ‡∏û‡∏≠‡πÄ‡∏õ‡∏•‡∏µ‡πà‡∏¢‡∏ô‡πÅ‡∏•‡πâ‡∏ß‡∏Å‡πá‡πÄ‡∏•‡∏¢‡πÄ‡∏õ‡πá‡∏ô‡πÅ‡∏ö‡∏ö‡∏ô‡∏µ‡πâ  üòÇ","2"
"‡∏ß‡∏±‡∏™‡∏î‡∏∏‡πÑ‡∏ó‡πÄ‡∏ó‡πÄ‡∏ô‡∏µ‡∏¢‡∏° ‡∏°‡∏µ‡∏Ç‡πâ‡∏≠‡∏î‡∏µ ‡∏Ñ‡∏∑‡∏≠‡∏ô‡πâ‡∏≥‡∏´‡∏ô‡∏±‡∏Å‡πÄ‡∏ö‡∏ó ‡πÅ‡∏ï‡πà‡∏Ç‡πâ‡∏≠‡πÄ‡∏™‡∏µ‡∏¢‡∏Ñ‡∏∑‡∏≠ ‡∏£‡∏∞‡∏ö‡∏≤‡∏¢‡∏Ñ‡∏ß‡∏≤‡∏°‡∏£‡πâ‡∏≠‡∏ô‡∏ä‡πâ‡∏≤ ‡∏ó‡∏∏‡∏Å‡∏≠‡∏¢‡πà‡∏≤‡∏á‡∏°‡∏µ‡∏Ç‡πâ‡∏≠‡∏î‡∏µ ‡∏Ç‡πâ‡∏≠‡∏î‡πâ‡∏≠‡∏¢ ‡∏ô‡∏∞‡∏Ñ‡∏£‡∏±‡∏ö ‡∏™‡πà‡∏ß‡∏ô‡∏ï‡∏±‡∏ß 15PM ‡πÉ‡∏ä‡πâ‡∏á‡∏≤‡∏ô‡∏õ‡∏Å‡∏ï‡∏¥ ‡πÄ‡∏â‡∏¢‡πÜ ‡πÑ‡∏°‡πà‡∏£‡πâ‡∏≠‡∏ô‡∏Ñ‡∏£‡∏±‡∏ö","2"
"‡∏ó‡∏µ‡πà‡∏£‡πâ‡∏≠‡∏ô‡∏à‡∏±‡∏î‡πÄ‡∏û‡∏£‡∏≤‡∏∞ ‡∏Ñ‡∏ô‡∏ó‡∏µ‡πà‡πÄ‡∏•‡πà‡∏ô‡πÄ‡∏Å‡∏ô‡∏ä‡∏¥‡∏ô‡∏™‡πÅ‡∏õ‡∏Ñ‡∏™‡∏π‡∏á‡πÜ‡∏ô‡∏µ‡πà‡πÅ‡∏´‡∏•‡∏∞ ‡∏ó‡∏≥‡πÉ‡∏´‡πâ‡πÄ‡∏Ñ‡∏£‡∏∑‡πà‡∏≠‡∏á‡∏£‡πâ‡∏≠‡∏ô‡πÑ‡∏ß‡∏Ç‡∏∂‡πâ‡∏ô ‡∏£‡∏∏‡πà‡∏ô‡∏≠‡∏∑‡πà‡∏ô‡∏ó‡∏µ‡πà‡πÄ‡∏•‡πà‡∏ô‡πÄ‡∏Å‡∏ô‡∏ä‡∏¥‡∏ô ‡∏Å‡πá‡∏£‡πâ‡∏≠‡∏ô‡πÑ‡∏î‡πâ‡πÄ‡∏ä‡πà‡∏ô‡∏Å‡∏±‡∏ô ‡∏ó‡∏≥‡πÉ‡∏´‡πâ FPS ‡∏î‡∏£‡∏≠‡∏õ‡∏•‡∏á","2"
"‡πÄ‡∏•‡πà‡∏ô‡πÄ‡∏Å‡∏°‡∏™‡πå‡∏´‡∏ô‡∏±‡∏Å‡πÜ‡∏°‡∏±‡∏ô‡∏£‡πâ‡∏≠‡∏ô‡∏ó‡∏∏‡∏Å‡∏¢‡∏µ‡πà‡∏´‡πâ‡∏≠‡πÅ‡∏´‡∏•‡∏∞ ‡πÑ‡∏õ‡∏ã‡∏∑‡πâ‡∏≠‡∏¢‡∏µ‡πà‡∏´‡πâ‡∏≠‡∏≠‡∏∑‡πà‡∏ô‡∏™‡∏≥‡∏´‡∏£‡∏±‡∏ö‡πÄ‡∏•‡πà‡∏ô‡πÄ‡∏Å‡∏°‡∏™‡πå‡∏à‡∏∞‡πÄ‡∏´‡∏°‡∏≤‡∏∞‡∏Å‡∏ß‡πà‡∏≤‡∏ô‡∏∞!!","2"
"‡∏ú‡∏°‡∏£‡∏π‡πâ‡∏™‡∏∂‡∏Å‡πÄ‡∏â‡∏¢‡πÜ‡∏ô‡∏∞ ‡∏¢‡∏±‡∏á‡πÑ‡∏á‡∏Å‡πá‡πÑ‡∏î‡πâ‡πÅ‡∏´‡∏•‡∏∞‡πÅ‡∏•‡πâ‡∏ß‡πÅ‡∏ï‡πà‡πÉ‡∏à‡∏Ñ‡∏ô","2"
"‡∏£‡∏π‡πâ‡∏™‡∏∂‡∏Å‡πÄ‡∏â‡∏¢‡πÜ‡∏°‡∏≤‡∏Å‡πÄ‡∏•‡∏¢‡∏Ñ‡∏£‡∏±‡∏ö","2"
"‡πÉ‡∏Ñ‡∏£‡∏≠‡∏¢‡∏≤‡∏Å‡∏ã‡∏∑‡πâ‡∏≠‡∏Å‡πá‡∏õ‡∏•‡πà‡∏≠‡∏¢‡πÄ‡∏Ñ‡πâ‡∏≤‡πÑ‡∏õ ‡∏™‡πà‡∏ß‡∏ô‡πÉ‡∏Ñ‡∏£‡πÑ‡∏°‡πà‡∏ä‡∏≠‡∏ö‡∏Å‡πá‡πÑ‡∏°‡πà‡πÄ‡∏´‡πá‡∏ô‡∏à‡∏∞‡πÄ‡∏õ‡πá‡∏ô‡∏≠‡∏∞‡πÑ‡∏£","2"
"‡∏™‡∏ï‡∏µ‡∏ü‡∏à‡∏≠‡∏ö ‡πÄ‡∏ô‡πâ‡∏ô‡πÄ‡∏ó‡∏Ñ‡πÇ‡∏ô‡πÇ‡∏•‡∏¢‡∏µ ‡∏ó‡∏µ‡∏° ‡∏Ñ‡∏∏‡∏Å ‡πÄ‡∏ô‡πâ‡∏ô‡∏Å‡∏≤‡∏£‡∏ï‡∏•‡∏≤‡∏î","2"
"‡∏î‡∏µ‡πÑ‡∏°‡πà‡∏î‡∏µ‡∏≠‡∏¢‡∏π‡πà‡∏ó‡∏µ‡πà‡πÑ‡∏•‡∏ü‡πå‡∏™‡πÑ‡∏ï‡∏•‡πå‡∏Ç‡∏≠‡∏á‡∏ï‡∏±‡∏ß‡πÄ‡∏≠‡∏á ‡∏à‡∏∞‡∏£‡∏µ‡∏ß‡∏¥‡∏ß‡πÄ‡∏£‡∏µ‡∏¢‡∏• ‡πÑ‡∏°‡πà‡πÄ‡∏£‡∏µ‡∏¢‡∏• ‡∏ä‡πà‡∏≤‡∏á‡πÅ‡∏°‡πà‡∏á‡πÄ‡∏´‡∏≠‡∏∞ ‡∏û‡∏≠‡πÉ‡∏à‡∏ã‡∏∑‡πâ‡∏≠ ‡∏°‡∏µ‡πÄ‡∏á‡∏¥‡∏ô‡∏ã‡∏∑‡πâ‡∏≠ ‡∏à‡∏ö‡∏ß‡πà‡∏∞","2"
"‡∏Ñ‡πà‡∏≤‡∏¢‡∏°‡∏∑‡∏≠‡∏ñ‡∏∑‡∏≠‡∏ï‡πà‡∏≤‡∏á‡πÜ‡∏û‡∏≠‡πÄ‡∏ñ‡∏≠‡∏∞‡∏Å‡∏•‡πâ‡∏≠‡∏á‡∏°‡∏±‡∏ô‡πÑ‡∏°‡πà‡∏°‡∏µ‡πÉ‡∏Ñ‡∏£‡∏™‡∏ô‡πÉ‡∏à‡πÅ‡∏•‡πâ‡∏ß‡πÄ‡∏≠‡∏≤‡∏à‡∏£‡∏¥‡∏á‡πÜ‡∏ô‡∏∞‡∏ú‡∏°‡πÉ‡∏ä‡πâ‡∏°‡∏∑‡∏≠‡∏ñ‡∏∑‡∏≠‡πÄ‡∏£‡∏∑‡∏≠‡∏ò‡∏á‡∏°‡∏≤‡∏´‡∏•‡∏≤‡∏¢‡∏£‡∏∏‡πà‡∏ô‡∏ú‡∏°‡πÑ‡∏°‡πà‡∏£‡∏π‡πâ‡∏™‡∏∂‡∏Å‡∏ñ‡∏∂‡∏á‡∏Ñ‡∏ß‡∏≤‡∏°‡∏ï‡πà‡∏≤‡∏á‡πÄ‡∏•‡∏¢‡πÉ‡∏ô‡∏Å‡∏≤‡∏£‡∏ñ‡πà‡∏≤‡∏¢‡∏£‡∏π‡∏õ‡πÅ‡∏ö‡∏ö‡∏Ñ‡∏ô‡∏ó‡∏±‡πà‡∏ß‡πÑ‡∏õ‡πÄ‡∏´‡πá‡∏ô‡πÑ‡∏£‡∏™‡∏ß‡∏¢‡πÜ‡∏ä‡∏±‡∏Å‡∏≠‡∏≠‡∏Å‡∏°‡∏≤‡∏ñ‡πà‡∏≤‡∏¢","2"
"‡∏à‡∏∞‡∏≠‡∏±‡∏û‡πÄ‡∏î‡∏ó 14 pro max ‡πÑ‡∏õ 15 pro max ‡∏î‡∏µ‡πÑ‡∏´‡∏° ‡πÅ‡∏ï‡πà‡πÑ‡∏°‡πà‡∏°‡∏µ‡∏™‡∏µ‡∏ó‡∏µ‡πà‡∏ä‡∏≠‡∏ö ‡∏Ç‡πà‡∏≤‡∏ß‡∏•‡∏∑‡∏≠ ‡πÄ‡∏´‡πá‡∏ô‡∏ß‡πà‡∏≤‡∏°‡∏µ‡∏™‡∏µ‡πÉ‡∏´‡∏°‡πà ‡∏™‡∏µ‡πÅ‡∏î‡∏á‡πÄ‡∏•‡∏∑‡∏≠‡∏î‡∏´‡∏°‡∏π ‡πÅ‡∏ï‡πà‡∏≠‡∏≠‡∏Å‡∏°‡∏≤‡∏à‡∏£‡∏¥‡∏á‡πÜ‡πÑ‡∏°‡πà‡∏°‡∏µ","2"
"‡πÉ‡∏ä‡πâ13pro max‡∏≠‡∏¢‡∏π‡πà ‡πÅ‡∏ô‡∏∞‡∏ô‡∏≥‡πÄ‡∏õ‡∏•‡∏µ‡πà‡∏¢‡∏ô‡πÄ‡∏õ‡πá‡∏ô14promax‡∏û‡∏≠‡∏´‡∏£‡∏∑‡∏≠‡∏≠‡∏±‡∏û‡πÄ‡∏õ‡πá‡∏ô15pro max‡πÄ‡∏•‡∏¢‡∏î‡∏µ‡∏Ñ‡∏∞ ‡πÅ‡∏ô‡∏∞‡∏ô‡∏≥‡∏ó‡∏µ‡∏ô‡∏∞‡∏Ñ‡∏∞‚ù§","2"
"‡∏°‡∏±‡∏ô‡∏°‡∏µ‡∏Ñ‡∏ß‡∏≤‡∏°‡∏£‡πâ‡∏≠‡∏ô‡πÄ‡∏û‡∏£‡∏≤‡∏∞‡∏ä‡∏¥‡∏ö‡∏¢‡∏¥‡πà‡∏á‡πÅ‡∏£‡∏á‡πÅ‡∏•‡∏∞‡πÄ‡∏•‡πà‡∏ô‡πÄ‡∏Å‡∏°‡∏™‡∏π‡∏á‡πÑ‡∏î‡πâ‡∏ô‡∏±‡πâ‡∏ô  ‡∏Ñ‡∏ß‡∏≤‡∏°‡∏£‡πâ‡∏≠‡∏ô‡∏°‡∏±‡∏ô‡πÄ‡∏Å‡∏¥‡∏î‡∏à‡∏≤‡∏Å‡∏°‡∏±‡∏ô‡πÑ‡∏°‡πà‡∏°‡∏µ‡∏£‡∏∞‡∏ö‡∏ö‡∏£‡∏∞‡∏Ñ‡∏ß‡∏≤‡∏°‡∏£‡πâ‡∏≠‡∏ô ‡πÄ‡∏´‡∏°‡∏∑‡∏≠‡∏ô‡∏Ñ‡∏≠‡∏°","2"
"‡πÉ‡∏ä‡πâ14pro‡∏≠‡∏¢‡∏π‡πà ‡∏Ñ‡∏ß‡∏£‡πÄ‡∏õ‡∏•‡∏µ‡πà‡∏¢‡∏ô‡πÑ‡∏´‡∏°‡∏Ñ‡∏∞","2"
"‡∏ñ‡∏∂‡∏á‡∏î‡∏π‡∏Å‡πá‡πÑ‡∏°‡πà‡∏°‡∏µ‡∏ï‡∏±‡∏á‡∏Ñ‡πå‡∏ã‡∏∑‡πâ‡∏≠ 555 ‡πÅ‡∏ï‡πà‡∏ä‡∏≠‡∏ö‡πÄ‡∏Ç‡πâ‡∏≤‡∏°‡∏≤‡∏î‡∏π‡∏ä‡πà‡∏≠‡∏á‡∏ô‡∏µ‡πâ‡∏ï‡∏•‡∏Å‡∏°‡∏≤‡∏Å ‡∏Å‡∏£‡∏∞‡∏ä‡∏±‡∏ö ‡∏â‡∏±‡∏ö‡πÑ‡∏ß","2"
"‡∏†‡∏≤‡∏¢‡∏ô‡∏≠‡∏Å‡πÑ‡∏°‡πà‡∏ï‡πà‡∏≤‡∏á‡∏≠‡∏∞‡πÑ‡∏£‡∏Å‡∏±‡∏ö‡πÑ‡∏≠‡πÇ‡∏ü‡∏ô14","2"
"‡∏à‡∏£‡∏¥‡∏á‡πÜ‡πÇ‡∏ó‡∏£‡∏®‡∏±‡∏û‡∏ó‡πå‡∏°‡∏±‡∏ô‡∏Ñ‡∏ß‡∏£‡∏ó‡∏µ‡πà‡∏à‡∏∞‡∏°‡∏µ‡∏´‡∏±‡∏ß‡∏ä‡∏≤‡∏£‡πå‡∏à,‡∏™‡∏≤‡∏¢‡∏´‡∏π‡∏ü‡∏±‡∏á‡∏°‡∏≤‡∏î‡πâ‡∏ß‡∏¢","2"
"‡πÉ‡∏ä‡πâ 7plus  ‡∏°‡∏≤‡∏´‡∏•‡∏≤‡∏¢‡∏õ‡∏µ‡πÅ‡∏•‡πâ‡∏ß ‡∏ô‡πà‡∏≤‡∏à‡∏∞‡πÅ‡∏õ‡∏î‡∏õ‡∏µ‡πÅ‡∏•‡πâ‡∏ß‡∏°‡∏±‡πâ‡∏á ‡∏à‡∏∞‡πÄ‡∏≠‡∏≤ 15 Pro Max. ‡∏¢‡∏±‡∏á‡∏ï‡∏±‡∏î‡∏™‡∏¥‡∏ô‡πÉ‡∏à‡πÑ‡∏°‡πà‡πÑ‡∏î‡πâ‡πÄ‡∏•‡∏¢‡πÄ‡∏£‡∏≤ üò©","2"
"‡∏á‡∏ö‡∏à‡∏≥‡∏Å‡∏±‡∏î ‡∏Ñ‡∏ß‡∏£‡πÄ‡∏≠‡∏≤‡∏£‡∏∏‡πà‡∏ô  top14promax ‡∏´‡∏£‡∏∑‡∏≠ ‡πÄ‡∏≠‡∏≤ 15plus ‡∏î‡∏µ‡∏Ñ‡πà‡∏∞ ‡πÄ‡πÄ‡∏ô‡∏∞‡∏ô‡∏≥‡∏´‡∏ô‡πà‡∏≠‡∏¢‡∏Ñ‡πà‡∏∞","2"
"‡πÉ‡∏ä‡πâ 13 pro ‡∏ï‡πà‡∏≠‡πÑ‡∏õ‡∏Ñ‡∏£‡∏±‡∏ö‡πÄ‡∏û‡∏£‡∏≤‡∏∞‡∏°‡∏±‡∏ô‡∏¢‡∏±‡∏á‡πÑ‡∏°‡πà‡∏û‡∏±‡∏á‡πÑ‡∏°‡πà‡πÄ‡∏Ñ‡∏¢‡∏à‡∏≠‡πÄ‡∏Ç‡∏µ‡∏¢‡∏ß‡πÑ‡∏°‡πà‡πÄ‡∏Ñ‡∏¢‡πÄ‡∏à‡∏≠‡∏≠‡∏∞‡πÑ‡∏£‡πÅ‡∏ö‡∏ö‡∏ó‡∏µ‡πà‡πÄ‡∏Ç‡∏≤‡πÄ‡∏à‡∏≠‡∏Å‡∏±‡∏ô‡πÄ‡∏•‡∏¢ ‡πÉ‡∏ä‡πâ‡∏ñ‡∏ô‡∏≠‡∏°‡∏™‡∏∏‡∏î‡πÜ‡∏Ñ‡∏£‡∏±‡∏ö","2"
"14 pro ‡∏ú‡∏°‡∏¢‡∏±‡∏á‡∏£‡∏π‡πâ‡∏™‡∏∂‡∏Å‡∏ß‡πà‡∏≤‡∏°‡∏±‡∏ô‡∏¢‡∏±‡∏á‡πÑ‡∏´‡∏ß‡∏≠‡∏¢‡∏π‡πà‡∏≠‡πà‡∏∞‡∏õ‡∏µ‡∏ô‡∏µ‡πâ‡∏Ñ‡∏á‡πÑ‡∏°‡πà‡πÄ‡∏õ‡∏•‡∏µ‡πà‡∏¢‡∏ô‡∏¢‡∏±‡∏á‡πÑ‡∏°‡πà‡∏£‡∏π‡πâ‡∏™‡∏∂‡∏Å‡∏ß‡πà‡∏≤‡∏°‡∏±‡∏ô‡∏à‡∏≥‡πÄ‡∏õ‡πá‡∏ô‡∏™‡∏≥‡∏´‡∏£‡∏±‡∏ö‡∏ú‡∏° ‡πÅ‡∏ï‡πà‡∏Å‡πá‡πÅ‡∏•‡πâ‡∏ß‡πÅ‡∏ï‡πà‡∏Ñ‡∏ô‡∏ó‡∏µ‡πà‡∏°‡∏µ‡∏Å‡∏≥‡∏•‡∏±‡∏á‡∏ã‡∏∑‡πâ‡∏≠‡∏≠‡πà‡∏∞‡∏ñ‡πâ‡∏≤‡∏Ñ‡∏∏‡∏ì‡∏û‡∏≠‡πÉ‡∏à‡∏Å‡∏±‡∏ö‡∏™‡∏¥‡πà‡∏á‡πÉ‡∏´‡∏°‡πà‡πÜ‡∏ó‡∏µ‡πàApple‡πÄ‡∏Ñ‡πâ‡∏≤‡πÉ‡∏´‡πâ‡∏Ñ‡∏∏‡∏ì‡πÅ‡∏•‡πâ‡∏ß‡∏°‡∏µ‡∏Å‡∏≥‡∏•‡∏±‡∏á‡∏ã‡∏∑‡πâ‡∏≠‡∏Å‡πá‡∏à‡∏±‡∏î‡πÄ‡∏•‡∏¢‡∏Ñ‡∏£‡∏±‡∏öüòÇüòÇüòÇüòÇ","2"
"‡∏Ñ‡∏ß‡∏≤‡∏°‡πÅ‡∏£‡∏á‡∏Å‡∏±‡∏ö‡∏Ñ‡∏ß‡∏≤‡∏°‡∏£‡πâ‡∏≠‡∏ô‡∏°‡∏±‡∏ô‡∏Ç‡∏≠‡∏á‡∏Ñ‡∏π‡πà‡∏Å‡∏±‡∏ô‡∏≠‡∏¢‡∏π‡πà‡πÅ‡∏•‡πâ‡∏ß‡∏Ñ‡∏£‡∏±‡∏öüòä","2"
"‡πÅ‡∏û‡∏á‡∏Ç‡∏∂‡πâ‡∏ô ‡πÅ‡∏£‡∏á‡∏Ç‡∏∂‡πâ‡∏ô ‡∏á‡∏≠‡∏á‡πà‡∏≤‡∏¢‡∏Ç‡∏∂‡πâ‡∏ô ‡πÇ‡∏≠‡πÄ‡∏Ñ‡∏£‡πâüòÇ","2"
"‡πÉ‡∏ä‡πâ‡∏ï‡∏±‡∏ß‡∏ò‡∏£‡∏£‡∏°‡∏î‡∏≤‡∏û‡∏≠","2"